m,x,y,z,vx,vy,vz
1.98847e+36,0,0,0,0,0,0
1.8982e+30,7.78479e+11,7.78479e+11,0,-1.30569e8,0,0
