m,x,y,z,vx,vy,vz,ax,ay,az
1.98847e+30,3.38775e+08,4.56995e+09,0,-10.4691,5.70707,0,1.3034e-07,-1.79041e-07,0
5.9722e+24,1.46391e+11,-2.90977e+10,0,6672.15,28973.2,0,-0.00573145,0.00142483,0
6.4171e+23,-7.08367e+10,2.20039e+11,0,-23069.7,-7460.4,0,0.00078588,-0.00245484,0
1.8982e+27,4.23704e+11,-6.48877e+11,0,10953.7,7091.66,0,-0.000118771,0.000183902,0
