m,x,y,z,vx,vy,vz,ax,ay,az
1.98847e+30,2.07253e+08,4.6338e+09,0,-8.57245,3.65055,0,1.3503e-07,-1.3478e-07,0
5.9722e+24,-1.23939e+11,8.68621e+10,0,-16927.6,-24681.4,0,0.00493317,-0.0033922,0
6.4171e+23,-2.22522e+11,-4.47412e+10,0,4993.57,-23580.6,0,0.00249481,0.000529105,0
1.8982e+27,5.62383e+11,-5.34132e+11,0,9031.69,9420.24,0,-0.000157816,0.000151684,0
