m,x,y,z,vx,vy,vz,ax,ay,az
1.98847e+30,6.97306e+08,3.88193e+08,0,12.3757,11.7447,0,2.224e-08,1.94735e-07,0
5.9722e+24,8.76798e+10,-1.2262e+11,0,24220.5,17003.1,0,-0.003294,0.00483017,0
6.4171e+23,-2.2606e+11,-2.37228e+10,0,2345.03,-23994.3,0,0.00254055,0.000246839,0
1.8982e+27,4.83609e+10,7.76135e+11,0,-13041.3,810.135,0,-1.37928e-05,-0.000219276,0
