m,x,y,z,vx,vy,vz,ax,ay,az
1.98847e+30,5.24172e+08,4.44993e+09,0,-11.8719,8.96819,0,4.53286e-08,-1.93798e-07,0
5.9722e+24,-1.41139e+11,5.13237e+10,0,-9869.35,-28182.4,0,0.00562729,-0.00197069,0
6.4171e+23,2.26101e+11,3.62719e+10,0,-3383.76,23914.2,0,-0.00253517,-0.000334203,0
1.8982e+27,2.30295e+11,-7.39356e+11,0,12468.6,3844.67,0,-6.4332e-05,0.000209328,0
