m,x,y,z,vx,vy,vz,ax,ay,az
8e+36,5.65069e+06,7.33982e+06,0,0.67991,1.15469,0,7.76386e-08,2.66972e-07,0
2e+30,5.79723e+12,2.06407e+13,0,-3.71964e+06,-4.61877e+06,0,-0.310554,-1.06789,0
