m,x,y,z,vx,vy,vz,ax,ay,az
1.98847e+30,1.47436e+09,2.10312e+09,0,1.97643,24.9191,0,-2.19579e-07,2.26647e-08,0
5.9722e+24,-1.10592e+11,-9.83252e+10,0,19433.6,-22321.3,0,0.00443124,0.00383751,0
6.4171e+23,2.28386e+11,-2.03864e+10,0,2381.46,24027.4,0,-0.00253756,0.000274946,0
1.8982e+27,-7.65174e+11,1.27859e+11,0,-2132.37,-12883.3,0,0.000216937,-3.59093e-05,0
