m,x,y,z,vx,vy,vz,ax,ay,az
1.98847e+30,1.10154e+09,9.02613e+08,0,10.8745,18.5104,0,-8.57128e-08,1.74905e-07,0
5.9722e+24,1.30311e+11,-7.57838e+10,0,15174.8,25503.5,0,-0.00500228,0.00308548,0
6.4171e+23,1.99077e+11,1.12851e+11,0,-11878.7,21075.6,0,-0.00224486,-0.00124212,0
1.8982e+27,-3.75375e+11,6.80455e+11,0,-11435.4,-6319.27,0,0.000106286,-0.00019251,0
