m,x,y,z,vx,vy,vz,ax,ay,az
1.98847e+30,1.7677e+07,4.68953e+09,0,-2.60873,0.460332,0,1.88057e-07,-3.80981e-08,0
5.9722e+24,-1.41103e+11,5.31264e+10,0,-10171.5,-28083.5,0,0.0056063,-0.00203329,0
6.4171e+23,1.95623e+11,1.20698e+11,0,-12324.4,20810,0,-0.00221861,-0.00128869,0
1.8982e+27,7.60887e+11,-1.60435e+11,0,2768.95,12757.9,0,-0.000213888,4.67428e-05,0
