m,x,y,z,vx,vy,vz,ax,ay,az
1.98847e+30,1.07308e+09,8.552e+08,0,11.0939,18.0602,0,-8.3997e-08,1.72877e-07,0
5.9722e+24,7.66507e+10,-1.29544e+11,0,25650.4,14737.2,0,-0.00284327,0.00510311,0
6.4171e+23,2.22279e+11,5.48373e+10,0,-5710.64,23484.7,0,-0.0024922,-0.000583886,0
1.8982e+27,-3.45398e+11,6.96205e+11,0,-11700.3,-5814.64,0,9.77796e-05,-0.000196956,0
