m,x,y,z,vx,vy,vz,ax,ay,az
1.98847e+30,9.79171e+08,3.97742e+09,0,-11.7101,16.5528,0,-6.94905e-08,-1.79814e-07,0
5.9722e+24,-1.74773e+10,1.51164e+11,0,-29852.8,-3427.02,0,0.00064559,-0.00599705,0
6.4171e+23,-1.82052e+11,1.38762e+11,0,-14521.3,-19347.3,0,0.00205441,-0.00154237,0
1.8982e+27,-2.46593e+11,-7.33602e+11,0,12365.8,-4163.89,0,7.00695e-05,0.000207755,0
