m,x,y,z,vx,vy,vz,ax,ay,az
1.98847e+30,8.20067e+06,4.69116e+09,0,-1.79191,0.296064,0,1.91944e-07,-3.76677e-08,0
5.9722e+24,-1.29808e+11,-7.09972e+10,0,14523.5,-25854.5,0,0.00512857,0.00287404,0
6.4171e+23,1.2357e+11,1.9521e+11,0,-20294.5,13221.5,0,-0.00142002,-0.00214639,0
1.8982e+27,7.70803e+11,-1.04927e+11,0,1838.3,12925.5,0,-0.000216728,3.11422e-05,0
