m,x,y,z,vx,vy,vz,ax,ay,az
1.98847e+30,369454,4.69242e+09,0,-0.206618,0.0592076,0,2.16694e-07,-1.74417e-08,0
5.9722e+24,6.98738e+10,-1.28886e+11,0,26250.7,13584.3,0,-0.00261821,0.00521919,0
6.4171e+23,-5.72351e+10,2.24286e+11,0,-23486.6,-5981.18,0,0.000627136,-0.00249982,0
1.8982e+27,7.78439e+11,-3.76192e+09,0,141.793,13056,0,-0.000218974,2.69543e-06,0
