m,x,y,z,vx,vy,vz,ax,ay,az
1.98847e+30,8.54118e+08,4.13872e+09,0,-12.369,14.5099,0,-4.66829e-08,-2.17324e-07,0
5.9722e+24,-1.20718e+11,-8.43784e+10,0,17057.1,-24208.4,0,0.00480347,0.00337355,0
6.4171e+23,-2.03423e+11,-9.80158e+10,0,10571.8,-21616.1,0,0.00228605,0.00111698,0
1.8982e+27,-1.1526e+11,-7.65321e+11,0,12899.9,-1957.72,0,3.30172e-05,0.000216667,0
