m,x,y,z,vx,vy,vz,ax,ay,az
1.98847e+30,1.23402e+09,1.15778e+09,0,9.43827,20.857,0,-1.47468e-07,1.74296e-07,0
5.9722e+24,-6.95166e+10,1.3171e+11,0,-26555.6,-13938.8,0,0.00277516,-0.00534166,0
6.4171e+23,-7.15696e+10,2.16106e+11,0,-22991.2,-7617.27,0,0.000803833,-0.00244806,0
1.8982e+27,-5.13431e+11,5.83008e+11,0,-9795.79,-8643.71,0,0.000145478,-0.000164951,0
