m,x,y,z,vx,vy,vz,ax,ay,az
1.98847e+30,9.93076e+07,2.04366e+07,0,6.20577,1.67085,0,1.98408e-07,1.02002e-07,0
5.9722e+24,1.49189e+11,-1.36488e+10,0,2723.73,29638.9,0,-0.00588411,0.000641754,0
6.4171e+23,-2.24717e+11,-3.84144e+10,0,3855.04,-23804.5,0,0.00251894,0.000407028,0
1.8982e+27,6.74603e+11,3.87938e+11,0,-6510.76,11323.3,0,-0.000190182,-0.00010901,0
