m,x,y,z,vx,vy,vz,ax,ay,az
1.98847e+30,5.38935e+08,2.52125e+08,0,12.0285,9.2009,0,4.12566e-08,2.08947e-07,0
5.9722e+24,-1.38661e+11,5.38391e+10,0,-11184.1,-27690.4,0,0.00553073,-0.00223956,0
6.4171e+23,-6.6163e+10,2.17165e+11,0,-23195.6,-6976.52,0,0.00073486,-0.00246982,0
1.8982e+27,2.14921e+11,7.47499e+11,0,-12557.5,3609.79,0,-6.0868e-05,-0.000211002,0
