m,x,y,z,vx,vy,vz,ax,ay,az
1.98847e+30,7.08007e+08,3.9842e+08,0,12.3946,11.9139,0,2.15384e-08,1.96692e-07,0
5.9722e+24,1.07123e+11,-1.06043e+11,0,20998.5,20892.2,0,-0.0040702,0.00421213,0
6.4171e+23,-2.22996e+11,-4.43146e+10,0,4524.85,-23671.3,0,0.0025054,0.000477173,0
1.8982e+27,3.70881e+10,7.76745e+11,0,-13051.7,620.59,0,-1.06038e-05,-0.00021946,0
