m,x,y,z,vx,vy,vz,ax,ay,az
1.98847e+30,3.37115e+07,4.68663e+09,0,-3.60193,0.667732,0,1.97137e-07,-4.43663e-08,0
5.9722e+24,-2.87709e+10,1.5022e+11,0,-29526.7,-5523.96,0,0.00106732,-0.00593513,0
6.4171e+23,2.27967e+11,1.33434e+09,0,352.533,24125.5,0,-0.00255266,6.07447e-05,0
1.8982e+27,7.43726e+11,-2.25875e+11,0,3866,12468.5,0,-0.000209007,6.5129e-05,0
