m,x,y,z,vx,vy,vz,ax,ay,az
1.98847e+30,4.53336e+08,4.50049e+09,0,-11.5318,7.75609,0,7.04708e-08,-2.05314e-07,0
5.9722e+24,-9.56425e+10,-1.11478e+11,0,22504.2,-19185.5,0,0.00380935,0.0044415,0
6.4171e+23,1.61522e+11,1.64754e+11,0,-17063.3,17188.1,0,-0.00183893,-0.00179643,0
1.8982e+27,3.04378e+11,-7.12265e+11,0,12015.2,5088.39,0,-8.51855e-05,0.000201711,0
