m,x,y,z,vx,vy,vz,ax,ay,az
1.98847e+30,1.03425e+09,7.93792e+08,0,11.3845,17.46,0,-8.4359e-08,1.7574e-07,0
5.9722e+24,-2.17324e+10,-1.48367e+11,0,29160.2,-4722.39,0,0.000976859,0.00574724,0
6.4171e+23,2.27277e+11,-2.80171e+10,0,3060.7,23938.7,0,-0.00252786,0.000345514,0
1.8982e+27,-3.04413e+11,7.15143e+11,0,-12018.7,-5124.76,0,8.61518e-05,-0.000202297,0
