m,x,y,z,vx,vy,vz,ax,ay,az
1.98847e+30,9.99308e+08,3.94856e+09,0,-11.5906,16.8618,0,-6.88285e-08,-1.78122e-07,0
5.9722e+24,3.4128e+10,1.48558e+11,0,-29241.5,6924.98,0,-0.0014491,-0.00585305,0
6.4171e+23,-1.54172e+11,1.6985e+11,0,-17822.4,-16384.6,0,0.00173961,-0.00189474,0
1.8982e+27,-2.67859e+11,-7.26113e+11,0,12239.8,-4521.18,0,7.60728e-05,0.000205648,0
