m,x,y,z,vx,vy,vz,ax,ay,az
1.98847e+30,9.63881e+08,6.91457e+08,0,11.8868,16.3443,0,-7.89295e-08,1.96131e-07,0
5.9722e+24,-1.45013e+11,-3.3437e+10,0,6287.93,-29040,0,0.00577411,0.00124624,0
6.4171e+23,1.65991e+11,-1.57566e+11,0,16684.3,17355.3,0,-0.00181615,0.00177368,0
1.8982e+27,-2.30293e+11,7.42443e+11,0,-12477.5,-3877.29,0,6.51302e-05,-0.000209979,0
