m,x,y,z,vx,vy,vz,ax,ay,az
1.98847e+30,8.11129e+08,4.18752e+09,0,-12.493,13.7419,0,-2.48711e-08,-2.25714e-07,0
5.9722e+24,-3.84166e+10,-1.41488e+11,0,28424.5,-7970.47,0,0.00161131,0.00560414,0
6.4171e+23,-1.53937e+11,-1.64203e+11,0,17570.7,-16394.4,0,0.00173407,0.00185246,0
1.8982e+27,-7.05032e+10,-7.70757e+11,0,12991.7,-1206.01,0,2.0398e-05,0.00021819,0
