m,x,y,z,vx,vy,vz,ax,ay,az
1.98847e+30,1.17919e+09,3.64711e+09,0,-10.1462,19.9222,0,-1.28866e-07,-1.85195e-07,0
5.9722e+24,-4.94399e+10,-1.3844e+11,0,27705,-10209.6,0,0.00205035,0.00546147,0
6.4171e+23,1.925e+11,1.26485e+11,0,-13066.5,20384.3,0,-0.00217304,-0.0013672,0
1.8982e+27,-4.56155e+11,-6.25419e+11,0,10546,-7685.63,0,0.000129278,0.000177281,0
