m,x,y,z,vx,vy,vz,ax,ay,az
1.98847e+30,2.77978e+08,4.60135e+09,0,-9.63803,4.7233,0,1.40131e-07,-1.47808e-07,0
5.9722e+24,8.24082e+10,1.28362e+11,0,-24938.4,16692.1,0,-0.00341258,-0.00495285,0
6.4171e+23,-1.86464e+11,1.34198e+11,0,-13970.8,-19758.7,0,0.00209694,-0.00148404,0
1.8982e+27,4.87633e+11,-6.02655e+11,0,10179.6,8165.01,0,-0.000136767,0.000170922,0
