m,x,y,z,vx,vy,vz,ax,ay,az
1.98847e+30,1.3962e+09,3.0612e+09,0,-5.94912,23.5079,0,-1.75908e-07,-1.14098e-07,0
5.9722e+24,8.56903e+10,-1.21826e+11,0,24564.8,16479.6,0,-0.00318753,0.00489936,0
6.4171e+23,-1.42464e+11,-1.74772e+11,0,18574.2,-15240.4,0,0.00161293,0.00195752,0
1.8982e+27,-6.83788e+11,-3.64041e+11,0,6148.46,-11513.7,0,0.000193757,0.000103447,0
