m,x,y,z,vx,vy,vz,ax,ay,az
1.98847e+30,1.20058e+09,1.08673e+09,0,9.91134,20.236,0,-1.2547e-07,1.83772e-07,0
5.9722e+24,3.10962e+10,1.464e+11,0,-29365.5,6279.21,0,-0.00131833,-0.00588351,0
6.4171e+23,1.08643e+10,2.27779e+11,0,-24203.3,1156.6,0,-0.000133803,-0.00257425,0
1.8982e+27,-4.78747e+11,6.11905e+11,0,-10282.1,-8059.69,0,0.00013563,-0.00017313,0
