m,x,y,z,vx,vy,vz,ax,ay,az
1.98847e+30,1.45239e+09,1.91053e+09,0,3.68464,24.5457,0,-2.1247e-07,7.3757e-08,0
5.9722e+24,-1.00186e+11,1.10431e+11,0,-22167.2,-20142.9,0,0.0040274,-0.00445334,0
6.4171e+23,1.4031e+11,-1.79881e+11,0,19135.3,14585.7,0,-0.00152115,0.00202932,0
1.8982e+27,-7.42161e+11,2.26691e+11,0,-3796.59,-12495.8,0,0.000210417,-6.39393e-05,0
