m,x,y,z,vx,vy,vz,ax,ay,az
1.98847e+30,1.11568e+09,3.76408e+09,0,-10.8114,18.769,0,-9.23389e-08,-1.9199e-07,0
5.9722e+24,1.13456e+11,-9.63211e+10,0,19733.4,22091.1,0,-0.00430968,0.00397272,0
6.4171e+23,8.00337e+10,2.16539e+11,0,-22708.6,8514.34,0,-0.000918426,-0.0024078,0
1.8982e+27,-3.90092e+11,-6.68533e+11,0,11271.2,-6575.2,0,0.0001106,0.000189435,0
