m,x,y,z,vx,vy,vz,ax,ay,az
1.98847e+30,8.86013e+08,4.10042e+09,0,-12.2316,15.061,0,-5.89849e-08,-2.07196e-07,0
5.9722e+24,-1.47871e+11,-1.33268e+10,0,2942.87,-29591.9,0,0.00588882,0.000587388,0
6.4171e+23,-2.2313e+11,-3.90075e+10,0,4328.65,-23700.6,0,0.00250885,0.000458833,0
1.8982e+27,-1.4858e+11,-7.59544e+11,0,12802.6,-2517.38,0,4.24142e-05,0.000215046,0
