m,x,y,z,vx,vy,vz,ax,ay,az
1.98847e+30,1.26916e+09,3.4501e+09,0,-8.71933,21.4708,0,-1.62149e-07,-1.36646e-07,0
5.9722e+24,-1.16749e+11,9.41429e+10,0,-18617.9,-23432.7,0,0.00468703,-0.00373343,0
6.4171e+23,2.08295e+11,-9.29881e+10,0,10167.2,21847,0,-0.00229652,0.0010952,0
1.8982e+27,-5.50195e+11,-5.44759e+11,0,9189.12,-9266.72,0,0.00015589,0.000154521,0
