m,x,y,z,vx,vy,vz,ax,ay,az
1.98847e+30,1.32563e+09,3.2987e+09,0,-7.61448,22.3206,0,-1.55983e-07,-1.1417e-07,0
5.9722e+24,7.01228e+10,1.34862e+11,0,-26536.1,14057.8,0,-0.0028826,-0.00528547,0
6.4171e+23,9.21357e+10,-2.06827e+11,0,22073.4,9492.47,0,-0.000983837,0.00233383,0
1.8982e+27,-6.09899e+11,-4.77205e+11,0,8052.62,-10270.8,0,0.000172803,0.00013544,0
