m,x,y,z,vx,vy,vz,ax,ay,az
1.98847e+30,1.48285e+09,2.27562e+09,0,0.520758,24.9623,0,-2.00595e-07,-4.93548e-09,0
5.9722e+24,7.56408e+10,-1.28946e+11,0,25797.4,14462.2,0,-0.00278733,0.00513305,0
6.4171e+23,1.84518e+11,1.37064e+11,0,-14328.1,19521.8,0,-0.00208218,-0.00150391,0
1.8982e+27,-7.74638e+11,3.81503e+10,0,-621.844,-13042.7,0,0.000219608,-1.04712e-05,0
