m,x,y,z,vx,vy,vz,ax,ay,az
1.98847e+30,9.84296e+08,7.20003e+08,0,11.7471,16.6765,0,-8.23039e-08,1.88815e-07,0
5.9722e+24,-1.25458e+11,-8.0565e+10,0,15648.2,-25170.5,0,0.00499546,0.00309258,0
6.4171e+23,1.91797e+11,-1.24993e+11,0,13270.6,20105,0,-0.00210967,0.00141768,0
1.8982e+27,-2.51748e+11,7.35415e+11,0,-12359.4,-4238.37,0,7.12142e-05,-0.000208004,0
