m,x,y,z,vx,vy,vz,ax,ay,az
1.98847e+30,7.70542e+07,4.67769e+09,0,-5.55178,1.30423,0,2.05057e-07,-9.66214e-08,0
5.9722e+24,1.48257e+11,-1.71538e+10,0,4332.29,29432.3,0,-0.00583508,0.000962139,0
6.4171e+23,1.20528e+11,-1.89884e+11,0,20457.5,12609.6,0,-0.00131413,0.00216686,0
1.8982e+27,6.97801e+11,-3.4098e+11,0,5795.25,11695.7,0,-0.000196006,9.74567e-05,0
