m,x,y,z,vx,vy,vz,ax,ay,az
1.98847e+30,2.4881e+08,7.6245e+07,0,9.23979,4.31683,0,1.25375e-07,1.45766e-07,0
5.9722e+24,-1.25304e+11,-8.25878e+10,0,15920,-25009.2,0,0.00496108,0.00314656,0
6.4171e+23,1.28852e+11,-1.89168e+11,0,19918.4,13473.1,0,-0.00140565,0.00210966,0
1.8982e+27,5.18735e+11,5.79865e+11,0,-9736.01,8710.77,0,-0.000146471,-0.000163311,0
