m,x,y,z,vx,vy,vz,ax,ay,az
1.98847e+30,2.32444e+06,4.69209e+09,0,-0.93618,0.144484,0,2.04942e-07,-3.09705e-08,0
5.9722e+24,-2.91821e+10,-1.43343e+11,0,28914.4,-6004.91,0,0.00122439,0.00569993,0
6.4171e+23,2.58575e+10,2.30128e+11,0,-24069.4,2857.6,0,-0.000317121,-0.00255796,0
1.8982e+27,7.76675e+11,-4.88445e+10,0,897.866,13025.3,0,-0.000218433,1.53747e-05,0
