m,x,y,z,vx,vy,vz,ax,ay,az
1.98847e+30,1.45092e+09,2.79074e+09,0,-3.69209,24.5578,0,-2.18876e-07,-6.09265e-08,0
5.9722e+24,-1.47968e+11,9.41576e+09,0,-1834.89,-29715.1,0,0.00592308,-0.000364997,0
6.4171e+23,-2.16294e+11,6.91042e+10,0,-7248.28,-23027.9,0,0.00244344,-0.000768986,0
1.8982e+27,-7.40352e+11,-2.29012e+11,0,3875.89,-12465.6,0,0.000209823,6.52322e-05,0
