m,x,y,z,vx,vy,vz,ax,ay,az
1.98847e+30,356701,6120,0,0.392919,0.0101079,0,2.2675e-07,1.16641e-08,0
5.9722e+24,1.40372e+11,5.04573e+10,0,-10087.7,28116.6,0,-0.0056453,-0.00191974,0
6.4171e+23,2.23944e+11,4.14643e+10,0,-4394.05,23746.6,0,-0.00251948,-0.000442731,0
1.8982e+27,7.78136e+11,2.25592e+10,0,-378.381,13051.7,0,-0.00021892,-6.0292e-06,0
