m,x,y,z,vx,vy,vz,ax,ay,az
1.98847e+30,8.42121e+06,719296,0,1.89546,0.236148,0,2.04722e-07,4.84577e-08,0
5.9722e+24,-2.49859e+10,1.46232e+11,0,-29655,-4759.32,0,0.000912093,-0.00596124,0
6.4171e+23,1.37926e+11,1.80448e+11,0,-19211.1,14740.9,0,-0.00158078,-0.00202965,0
1.8982e+27,7.70237e+11,1.12417e+11,0,-1885.8,12921.4,0,-0.000216793,-3.13204e-05,0
