m,x,y,z,vx,vy,vz,ax,ay,az
1.98847e+30,1.40365e+09,1.6607e+09,0,5.6553,23.5963,0,-1.70106e-07,9.80745e-08,0
5.9722e+24,1.46733e+11,3.58563e+10,0,-6821.04,29077.1,0,-0.005817,-0.00126304,0
6.4171e+23,-9.5222e+10,-2.05827e+11,0,21722.3,-10261.8,0,0.00109017,0.00228695,0
1.8982e+27,-6.91805e+11,3.52206e+11,0,-5910.13,-11647.7,0,0.000196128,-9.95378e-05,0
