m,x,y,z,vx,vy,vz,ax,ay,az
1.98847e+30,6.65301e+08,3.58378e+08,0,12.3168,11.2452,0,2.3051e-08,1.91241e-07,0
5.9722e+24,1.68687e+10,-1.49661e+11,0,29395.1,2961.24,0,-0.000527837,0.00580502,0
6.4171e+23,-2.23861e+11,3.85656e+10,0,-4254,-23757.9,0,0.00251854,-0.000452158,0
1.8982e+27,8.21095e+10,7.73324e+11,0,-12993.6,1377.55,0,-2.3338e-05,-0.000218447,0
