m,x,y,z,vx,vy,vz,ax,ay,az
1.98847e+30,1.40428e+08,3.26778e+07,0,7.35446,2.40293,0,1.77655e-07,1.37528e-07,0
5.9722e+24,6.45034e+10,1.33808e+11,0,-26974.1,13151.8,0,-0.00270469,-0.00537937,0
6.4171e+23,-1.58004e+11,-1.65119e+11,0,17250.4,-16768.5,0,0.00177236,0.00181751,0
1.8982e+27,6.31771e+11,4.54278e+11,0,-7625.17,10605.9,0,-0.000178193,-0.000127757,0
