m,x,y,z,vx,vy,vz,ax,ay,az
1.98847e+30,1.38564e+09,3.10164e+09,0,-6.24612,23.3092,0,-1.68412e-07,-1.1552e-07,0
5.9722e+24,1.22238e+11,-8.63629e+10,0,17661.4,23813.6,0,-0.00465685,0.00357149,0
6.4171e+23,-1.08052e+11,-1.97882e+11,0,21022.1,-11614.7,0,0.00123173,0.00221451,0
1.8982e+27,-6.72861e+11,-3.83771e+11,0,6480.49,-11329.9,0,0.000190656,0.000109028,0
