m,x,y,z,vx,vy,vz,ax,ay,az
1.98847e+30,8.15661e+08,5.09107e+08,0,12.479,13.7291,0,-9.7691e-09,2.22437e-07,0
5.9722e+24,8.88401e+10,1.20198e+11,0,-24082.7,17870.5,0,-0.00364552,-0.00477959,0
6.4171e+23,-1.01528e+11,-2.0418e+11,0,21437.6,-10875.5,0,0.00115386,0.00225643,0
1.8982e+27,-7.56688e+10,7.73828e+11,0,-13004,-1275.75,0,2.13133e-05,-0.00021874,0
