m,x,y,z,vx,vy,vz,ax,ay,az
1.98847e+30,1.22581e+09,1.13981e+09,0,9.56364,20.7051,0,-1.42177e-07,1.77545e-07,0
5.9722e+24,-4.57252e+10,1.41918e+11,0,-28582,-9152.8,0,0.00180631,-0.0057495,0
6.4171e+23,-5.14555e+10,2.21859e+11,0,-23597.2,-5475.66,0,0.000574937,-0.00251228,0
1.8982e+27,-5.04919e+11,5.9042e+11,0,-9920.54,-8500.37,0,0.000143061,-0.00016705,0
