m,x,y,z,vx,vy,vz,ax,ay,az
1.98847e+30,2.14705e+08,4.6306e+09,0,-8.68902,3.76684,0,1.34861e-07,-1.34435e-07,0
5.9722e+24,-1.07711e+11,1.06972e+11,0,-20947,-21426.9,0,0.00428186,-0.00420423,0
6.4171e+23,-2.25995e+11,-2.42102e+10,0,2821.01,-23948.8,0,0.00253481,0.000299579,0
1.8982e+27,5.54526e+11,-5.4222e+11,0,9167.18,9288.3,0,-0.000155603,0.000153954,0
