m,x,y,z,vx,vy,vz,ax,ay,az
1.98847e+30,3.88659e+08,1.50502e+08,0,10.9771,6.51191,0,1.18633e-07,1.86946e-07,0
5.9722e+24,1.47841e+11,2.41414e+10,0,-4774.62,29446.1,0,-0.00588328,-0.000853106,0
6.4171e+23,2.01467e+11,1.0647e+11,0,-11281.6,21388,0,-0.00227842,-0.0011778,0
1.8982e+27,3.71351e+11,6.83548e+11,0,-11480.3,6237.31,0,-0.000104994,-0.000192754,0
