m,x,y,z,vx,vy,vz,ax,ay,az
1.98847e+30,1.47632e+09,2.55551e+09,0,-1.6664,24.8672,0,-2.00777e-07,-1.2156e-08,0
5.9722e+24,5.77486e+10,1.39894e+11,0,-27718.3,11561.3,0,-0.00238121,-0.0055336,0
6.4171e+23,-5.74532e+10,2.21704e+11,0,-23442,-6133.58,0,0.000646063,-0.0024949,0
1.8982e+27,-7.67664e+11,-1.08117e+11,0,1840.78,-12925.3,0,0.000217598,3.09876e-05,0
