m,x,y,z,vx,vy,vz,ax,ay,az
1.98847e+30,1.17038e+09,3.66425e+09,0,-10.255,19.761,0,-1.23583e-07,-1.8769e-07,0
5.9722e+24,-2.48153e+10,-1.4497e+11,0,29028.2,-5354.68,0,0.0011007,0.00572438,0
6.4171e+23,1.80339e+11,1.43503e+11,0,-14882,19109.6,0,-0.00203976,-0.00156206,0
1.8982e+27,-4.46991e+11,-6.31987e+11,0,10656.4,-7531.58,0,0.000126686,0.000179133,0
