m,x,y,z,vx,vy,vz,ax,ay,az
1.98847e+30,1.0315e+06,4.69229e+09,0,-0.576512,0.0959545,0,2.11021e-07,-2.51649e-08,0
5.9722e+24,2.15791e+10,-1.44648e+11,0,29255.8,4012.95,0,-0.000735674,0.00578221,0
6.4171e+23,-1.5959e+10,2.31035e+11,0,-24187,-1588.89,0,0.000157747,-0.00257297,0
1.8982e+27,7.77884e+11,-2.63162e+10,0,520.059,13046.2,0,-0.000218795,9.03921e-06,0
