m,x,y,z,vx,vy,vz,ax,ay,az
1.98847e+30,1.44059e+09,2.85416e+09,0,-4.25407,24.3758,0,-2.1409e-07,-7.86438e-08,0
5.9722e+24,-1.32493e+11,-6.51407e+10,0,12995.2,-26644.7,0,0.00529094,0.00257352,0
6.4171e+23,-2.26407e+11,7.59252e+09,0,-725.421,-24099.8,0,0.00255409,-7.67115e-05,0
1.8982e+27,-7.29581e+11,-2.61085e+11,0,4415.74,-12284.3,0,0.000206761,7.43128e-05,0
