m,x,y,z,vx,vy,vz,ax,ay,az
1.98847e+30,1.10341e+08,2.34901e+07,0,6.54592,1.85728,0,1.95078e-07,1.13192e-07,0
5.9722e+24,1.4463e+11,3.74046e+10,0,-7458.86,28902.5,0,-0.00578907,-0.00139103,0
6.4171e+23,-2.14164e+11,-7.86491e+10,0,8110.96,-22690.3,0,0.00239933,0.000856202,0
1.8982e+27,6.63056e+11,4.0733e+11,0,-6836.49,11129.9,0,-0.000186952,-0.000114488,0
