m,x,y,z,vx,vy,vz,ax,ay,az
1.98847e+30,1.28817e+09,1.28696e+09,0,8.4571,21.8151,0,-1.72491e-07,1.40851e-07,0
5.9722e+24,-1.47076e+11,-1.9392e+10,0,3610.49,-29508.6,0,0.00587244,0.000716241,0
6.4171e+23,-1.86429e+11,1.29511e+11,0,-13804.8,-19842.7,0,0.00210704,-0.00146776,0
1.8982e+27,-5.69873e+11,5.27768e+11,0,-8865.98,-9594.18,0,0.000161505,-0.000149307,0
