m,x,y,z,vx,vy,vz,ax,ay,az
1.98847e+30,1.20134e+07,1.20593e+06,0,2.24277,0.323839,0,1.97701e-07,5.24769e-08,0
5.9722e+24,-7.3628e+10,1.28959e+11,0,-26245.7,-14541.5,0,0.00289317,-0.00527809,0
6.4171e+23,1.02473e+11,2.02581e+11,0,-21588.9,10989.5,0,-0.00118309,-0.00228711,0
1.8982e+27,7.66639e+11,1.34693e+11,0,-2259.55,12861.6,0,-0.000215805,-3.75931e-05,0
