m,x,y,z,vx,vy,vz,ax,ay,az
1.98847e+30,2.40869e+08,7.25643e+07,0,9.1312,4.19069,0,1.26124e-07,1.46326e-07,0
5.9722e+24,-1.37346e+11,-5.99998e+10,0,11437.9,-27390.9,0,0.00543742,0.00226431,0
6.4171e+23,1.11188e+11,-2.00089e+11,0,21056.9,11603.3,0,-0.0012082,0.00222745,0
1.8982e+27,5.27097e+11,5.72284e+11,0,-9608.54,8851.04,0,-0.000148821,-0.000161162,0
