m,x,y,z,vx,vy,vz,ax,ay,az
1.98847e+30,1.47743e+09,2.14621e+09,0,1.60019,24.9494,0,-2.15849e-07,1.30564e-08,0
5.9722e+24,-7.08946e+10,-1.30098e+11,0,25750.7,-14491.4,0,0.00289011,0.00507541,0
6.4171e+23,2.28505e+11,2.12964e+10,0,-2026.52,24079.9,0,-0.00254948,-0.000191547,0
1.8982e+27,-7.68518e+11,1.05544e+11,0,-1756.62,-12939.6,0,0.000217883,-2.9581e-05,0
