m,x,y,z,vx,vy,vz,ax,ay,az
1.98847e+30,5.28556e+08,2.44246e+08,0,11.9912,9.0196,0,4.56184e-08,2.10883e-07,0
5.9722e+24,-1.27177e+11,7.69262e+10,0,-15797.2,-25389,0,0.00507504,-0.0031682,0
6.4171e+23,-4.58957e+10,2.22357e+11,0,-23741.2,-4818.63,0,0.000504206,-0.00252752,0
1.8982e+27,2.2575e+11,7.44309e+11,0,-12503.7,3791.75,0,-6.39256e-05,-0.000210089,0
