m,x,y,z,vx,vy,vz,ax,ay,az
1.98847e+30,4.36945e+07,4.68474e+09,0,-4.12114,0.793745,0,2.03562e-07,-5.39991e-08,0
5.9722e+24,4.80502e+10,1.45099e+11,0,-28357.5,9884.79,0,-0.00204874,-0.00566736,0
6.4171e+23,2.18834e+11,-6.02992e+10,0,6862.07,23100.1,0,-0.00243498,0.000747436,0
1.8982e+27,7.33029e+11,-2.57973e+11,0,4404.03,12288.4,0,-0.000205973,7.41452e-05,0
