m,x,y,z,vx,vy,vz,ax,ay,az
1.98847e+30,1.04405e+09,8.08949e+08,0,11.3117,17.6111,0,-8.42074e-08,1.74358e-07,0
5.9722e+24,3.70245e+09,-1.50068e+11,0,29538.9,293.434,0,-4.19204e-06,0.00582843,0
6.4171e+23,2.28879e+11,-7.23023e+09,0,864.168,24127.2,0,-0.00255092,0.000113486,0
1.8982e+27,-3.14762e+11,7.10632e+11,0,-11942.9,-5298.95,0,8.90875e-05,-0.000201025,0
