m,x,y,z,vx,vy,vz,ax,ay,az
8e+36,-7.64173e+06,7.80652e+06,0,-0.744348,-0.473425,0,5.05376e-08,2.05192e-08,0
2e+30,4.60069e+13,1.87739e+13,0,1.97739e+06,1.8937e+06,0,-0.202151,-0.0820768,0
