m,x,y,z,vx,vy,vz,ax,ay,az
1.98847e+30,1.1202e+09,9.34875e+08,0,10.7239,18.8149,0,-8.87733e-08,1.77559e-07,0
5.9722e+24,1.48161e+11,-2.78999e+10,0,5737.37,29198.7,0,-0.00577862,0.00123654,0
6.4171e+23,1.75172e+11,1.47091e+11,0,-15530.5,18567.1,0,-0.00198269,-0.0016338,0
1.8982e+27,-3.94965e+11,6.69235e+11,0,-11246.7,-6649.08,0,0.000111846,-0.000189341,0
