m,x,y,z,vx,vy,vz,ax,ay,az
1.98847e+30,7.432e+07,1.4072e+07,0,5.34578,1.28654,0,1.97841e-07,7.64617e-08,0
5.9722e+24,8.83834e+10,-1.22041e+11,0,24026.8,17256.4,0,-0.00334614,0.00479436,0
6.4171e+23,-2.18142e+11,6.47439e+10,0,-7071.49,-23103.4,0,0.00244946,-0.000751022,0
1.8982e+27,7.00968e+11,3.38065e+11,0,-5673.21,11764.6,0,-0.000197549,-9.49282e-05,0
