m,x,y,z,vx,vy,vz,ax,ay,az
1.98847e+30,1.55003e+07,4.68991e+09,0,-2.44636,0.427438,0,1.87895e-07,-3.80659e-08,0
5.9722e+24,-1.47542e+11,2.81897e+10,0,-5196.77,-29369.3,0,0.00585552,-0.0010364,0
6.4171e+23,1.84084e+11,1.38115e+11,0,-14182.7,19601.1,0,-0.00209246,-0.00148793,0
1.8982e+27,7.63191e+11,-1.49393e+11,0,2583.84,12796.8,0,-0.000214546,4.36399e-05,0
