m,x,y,z,vx,vy,vz,ax,ay,az
1.98847e+30,1.20909e+09,1.10429e+09,0,9.80027,20.3941,0,-1.31075e-07,1.82298e-07,0
5.9722e+24,5.35362e+09,1.4938e+11,0,-30010.2,1115.22,0,-0.000274208,-0.00602534,0
6.4171e+23,-1.00632e+10,2.27721e+11,0,-24205.9,-1069.8,0,0.000104046,-0.00257566,0
1.8982e+27,-4.87575e+11,6.0487e+11,0,-10163.7,-8208.33,0,0.000138136,-0.00017114,0
