m,x,y,z,vx,vy,vz,ax,ay,az
1.98847e+30,2.73194e+08,8.79394e+07,0,9.56394,4.69415,0,1.25189e-07,1.45892e-07,0
5.9722e+24,-6.92142e+10,-1.33701e+11,0,26068.6,-13945.3,0,0.00277931,0.00513653,0
6.4171e+23,1.74925e+11,-1.47439e+11,0,15553.8,18364.7,0,-0.00192461,0.00165615,0
1.8982e+27,4.93e+11,6.01869e+11,0,-10106,8279.05,0,-0.000139236,-0.000169551,0
