m,x,y,z,vx,vy,vz,ax,ay,az
1.98847e+30,6.07234e+08,4.38346e+09,0,-12.1623,10.2738,0,4.14689e-08,-1.88205e-07,0
5.9722e+24,2.17984e+10,1.51199e+11,0,-29709.8,4525.76,0,-0.000965893,-0.00595351,0
6.4171e+23,1.90506e+11,-1.22757e+11,0,13393.7,19996.9,0,-0.00209854,0.00143251,0
1.8982e+27,1.42782e+11,-7.6094e+11,0,12829.6,2375.43,0,-3.96926e-05,0.000215403,0
