m,x,y,z,vx,vy,vz,ax,ay,az
1.98847e+30,9.8132e+06,4.69089e+09,0,-1.95707,0.328747,0,1.90262e-07,-3.79796e-08,0
5.9722e+24,-1.40591e+11,-4.77729e+10,0,9914.9,-27990.1,0,0.00555723,0.00196598,0
6.4171e+23,1.4061e+11,1.83078e+11,0,-18992.5,15022.5,0,-0.00161064,-0.00200564,0
1.8982e+27,7.69142e+11,-1.16084e+11,0,2025.37,12897.4,0,-0.00021625,3.42783e-05,0
