m,x,y,z,vx,vy,vz,ax,ay,az
1.98847e+30,6.38893e+08,4.35621e+09,0,-12.2695,10.7676,0,4.0865e-08,-1.93739e-07,0
5.9722e+24,9.26253e+10,1.21051e+11,0,-23498.7,18654.9,0,-0.00380214,-0.00465435,0
6.4171e+23,1.4941e+11,-1.69391e+11,0,18278.3,15618.9,0,-0.00163217,0.00194122,0
1.8982e+27,1.09408e+11,-7.66396e+11,0,12920.7,1815.09,0,-3.02941e-05,0.00021694,0
