m,x,y,z,vx,vy,vz,ax,ay,az
1.98847e+30,2.62604e+07,3.62553e+06,0,3.22575,0.606773,0,1.84272e-07,5.49934e-08,0
5.9722e+24,-1.49562e+11,1.70394e+09,0,-847.258,-29776.6,0,0.0059297,-0.000169431,0
6.4171e+23,-1.93192e+10,2.26082e+11,0,-24157,-1947.2,0,0.00019627,-0.00257029,0
1.8982e+27,7.51995e+11,2.00765e+11,0,-3368.32,12617.5,0,-0.000211758,-5.62066e-05,0
