m,x,y,z,vx,vy,vz,ax,ay,az
1.98847e+30,4.23029e+06,4.69179e+09,0,-1.28543,0.20147,0,1.99075e-07,-3.48773e-08,0
5.9722e+24,-7.66058e+10,-1.25119e+11,0,25263.2,-15351.9,0,0.00305436,0.00498036,0
6.4171e+23,6.68001e+10,2.21596e+11,0,-23138,7205.94,0,-0.000780777,-0.00245537,0
1.8982e+27,7.74814e+11,-7.13278e+10,0,1274.9,12993.6,0,-0.000217887,2.16965e-05,0
