m,x,y,z,vx,vy,vz,ax,ay,az
1.98847e+30,1.3896e+06,48715.1,0,0.782167,0.0409992,0,2.23569e-07,2.3344e-08,0
5.9722e+24,1.14556e+11,9.4942e+10,0,-19060.7,23098.4,0,-0.00468047,-0.00374402,0
6.4171e+23,2.12458e+11,8.15408e+10,0,-8651.69,22567.2,0,-0.00240037,-0.000896229,0
1.8982e+27,7.77139e+11,4.50994e+10,0,-756.469,13035.5,0,-0.000218663,-1.23715e-05,0
