m,x,y,z,vx,vy,vz,ax,ay,az
1.98847e+30,5.40753e+06,4.69161e+09,0,-1.45638,0.232138,0,1.96407e-07,-3.61746e-08,0
5.9722e+24,-9.73329e+10,-1.10231e+11,0,22305.1,-19439.4,0,0.00385786,0.00440089,0
6.4171e+23,8.6509e+10,2.14552e+11,0,-22376.3,9296.55,0,-0.00100329,-0.00237229,0
1.8982e+27,7.73639e+11,-8.25466e+10,0,1463.02,12973.6,0,-0.000217546,2.48507e-05,0
