m,x,y,z,vx,vy,vz,ax,ay,az
1.98847e+30,6.73159e+06,4.6914e+09,0,-1.62512,0.263773,0,1.9401e-07,-3.70872e-08,0
5.9722e+24,-1.15243e+11,-9.20173e+10,0,18692.2,-22975,0,0.00455615,0.0036928,0
6.4171e+23,1.05486e+11,2.05732e+11,0,-21425.7,11307.4,0,-0.00121699,-0.00226898,0
1.8982e+27,7.72302e+11,-9.37472e+10,0,1650.83,12950.9,0,-0.00021716,2.79995e-05,0
