m,x,y,z,vx,vy,vz,ax,ay,az
1.98847e+30,4.37147e+08,1.80484e+08,0,11.4456,7.36616,0,9.66974e-08,2.06815e-07,0
5.9722e+24,7.69578e+10,1.27456e+11,0,-25635.9,15578.5,0,-0.00318962,-0.00510134,0
6.4171e+23,1.33192e+11,1.84427e+11,0,-19612.5,14202.3,0,-0.00152343,-0.00207356,0
1.8982e+27,3.20804e+11,7.08634e+11,0,-11902.7,5388.49,0,-9.07456e-05,-0.0001999,0
