m,x,y,z,vx,vy,vz,ax,ay,az
1.98847e+30,9.40126e+07,1.90267e+07,0,6.03398,1.58489,0,1.99246e-07,9.64568e-08,0
5.9722e+24,1.44874e+11,-3.89516e+10,0,7737.07,28696.6,0,-0.00567189,0.00163159,0
6.4171e+23,-2.27198e+11,-1.77312e+10,0,1666,-24066.4,0,0.00254766,0.000175582,0
1.8982e+27,6.80164e+11,3.78118e+11,0,-6345.84,11416.4,0,-0.000191737,-0.000106237,0
