m,x,y,z,vx,vy,vz,ax,ay,az
1.98847e+30,3.12102e+08,4.58414e+09,0,-10.1204,5.26177,0,1.37669e-07,-1.64946e-07,0
5.9722e+24,1.43314e+11,4.7233e+10,0,-8531.75,28622.4,0,-0.00573812,-0.0016041,0
6.4171e+23,-1.27091e+11,1.9251e+11,0,-20157.6,-13446.2,0,0.00142518,-0.0021445,0
1.8982e+27,4.51674e+11,-6.29864e+11,0,10635.3,7561.26,0,-0.000126644,0.000178562,0
