m,x,y,z,vx,vy,vz,ax,ay,az
1.98847e+30,8.5868e+08,5.57926e+08,0,12.4042,14.5042,0,-3.3407e-08,2.24577e-07,0
5.9722e+24,-8.79338e+09,1.48579e+11,0,-29980.7,-1661.19,0,0.000287052,-0.00602459,0
6.4171e+23,-2.22039e+10,-2.27231e+11,0,23900.2,-2525.29,0,0.000277846,0.00251667,0
1.8982e+27,-1.20453e+11,7.68083e+11,0,-12907.8,-2029.12,0,3.39986e-05,-0.000217153,0
