m,x,y,z,vx,vy,vz,ax,ay,az
1.98847e+30,1.00446e+09,7.49112e+08,0,11.6031,16.9968,0,-8.39769e-08,1.82478e-07,0
5.9722e+24,-9.12867e+10,-1.18305e+11,0,23140,-18427.1,0,0.00366191,0.00456199,0
6.4171e+23,2.11283e+11,-8.82553e+10,0,9410.35,22194.2,0,-0.00233488,0.00101356,0
1.8982e+27,-2.7299e+11,7.27766e+11,0,-12230.9,-4595.87,0,7.72385e-05,-0.000205852,0
