m,x,y,z,vx,vy,vz,ax,ay,az
1.98847e+30,2.17615e+08,6.21795e+07,0,8.79901,3.8084,0,1.31079e-07,1.48843e-07,0
5.9722e+24,-1.48474e+11,1.54259e+10,0,-3562.88,-29593.5,0,0.00589834,-0.000712255,0
6.4171e+23,5.33176e+10,-2.22643e+11,0,23396.3,5490.6,0,-0.000564791,0.0024682,0
1.8982e+27,5.51513e+11,5.48826e+11,0,-9214.15,9260.51,0,-0.000155679,-0.000154515,0
