m,x,y,z,vx,vy,vz,ax,ay,az
1.98847e+30,9.21032e+07,4.67398e+09,0,-6.07397,1.57554,0,1.96852e-07,-1.12882e-07,0
5.9722e+24,1.18992e+11,-8.74085e+10,0,18174.3,23396.9,0,-0.00457634,0.00367055,0
6.4171e+23,6.38532e+10,-2.15213e+11,0,23088.2,6616.49,0,-0.000682758,0.002438,0
1.8982e+27,6.82148e+11,-3.7097e+11,0,6297.83,11432.5,0,-0.000191584,0.000105877,0
