m,x,y,z,vx,vy,vz,ax,ay,az
1.98847e+30,1.46852e+09,2.03862e+09,0,2.54958,24.8399,0,-2.22027e-07,3.94258e-08,0
5.9722e+24,-1.4486e+11,-3.04909e+10,0,5960.3,-29101.2,0,0.00578807,0.00118317,0
6.4171e+23,2.14102e+11,-8.10793e+10,0,8779.62,22459.8,0,-0.00236293,0.00094857,0
1.8982e+27,-7.58944e+11,1.61126e+11,0,-2692.55,-12778.4,0,0.000215174,-4.5344e-05,0
