m,x,y,z,vx,vy,vz,ax,ay,az
1.98847e+30,1.48166e+09,2.23248e+09,0,0.871551,24.9677,0,-2.05747e-07,-8.42592e-10,0
5.9722e+24,2.78796e+10,-1.46322e+11,0,29112.4,4991.21,0,-0.00092289,0.00575603,0
6.4171e+23,2.06214e+11,1.01366e+11,0,-10525.1,21792.2,0,-0.00231866,-0.00109649,0
1.8982e+27,-7.73252e+11,6.06705e+10,0,-1001.03,-13019.3,0,0.000219219,-1.68565e-05,0
