m,x,y,z,vx,vy,vz,ax,ay,az
1.98847e+30,1.09212e+09,8.86679e+08,0,10.9482,18.3597,0,-8.48125e-08,1.73906e-07,0
5.9722e+24,1.15571e+11,-9.67086e+10,0,19270.6,22521.4,0,-0.00439663,0.00387934,0
6.4171e+23,2.08576e+11,9.42435e+10,0,-9897.81,22067.1,0,-0.00234756,-0.00103029,0
1.8982e+27,-3.65459e+11,6.8585e+11,0,-11526.2,-6152.35,0,0.000103472,-0.000194034,0
