m,x,y,z,vx,vy,vz,ax,ay,az
1.98847e+30,1.31899e+09,3.31794e+09,0,-7.74967,22.2215,0,-1.569e-07,-1.15234e-07,0
5.9722e+24,4.6167e+10,1.44761e+11,0,-28575.8,9276.03,0,-0.00192198,-0.00571272,0
6.4171e+23,1.10769e+11,-1.97682e+11,0,21124,11463.7,0,-0.00119159,0.00223593,0
1.8982e+27,-6.02871e+11,-4.86023e+11,0,8200.98,-10152.6,0,0.000170811,0.000137932,0
