m,x,y,z,vx,vy,vz,ax,ay,az
1.98847e+30,1.246e+09,3.50526e+09,0,-9.13651,21.0973,0,-1.59064e-07,-1.51248e-07,0
5.9722e+24,-1.46825e+11,2.37544e+10,0,-4554.86,-29449.2,0,0.00587409,-0.000906947,0
6.4171e+23,2.26356e+11,-3.33548e+10,0,3885.85,23815.1,0,-0.00251313,0.000435,0
1.8982e+27,-5.25844e+11,-5.68234e+11,0,9584.02,-8857.26,0,0.000148996,0.000161147,0
