m,x,y,z,vx,vy,vz,ax,ay,az
1.98847e+30,1.04875e+09,3.87409e+09,0,-11.2921,17.6358,0,-7.07957e-08,-1.8185e-07,0
5.9722e+24,1.33623e+11,7.18929e+10,0,-13634.2,26637.7,0,-0.00536355,-0.00263547,0
6.4171e+23,-6.40537e+10,2.21253e+11,0,-23271.2,-6798.15,0,0.000716625,-0.00247598,0
1.8982e+27,-3.19996e+11,-7.04718e+11,0,11879.8,-5397.22,0,9.07952e-05,0.000199627,0
