m,x,y,z,vx,vy,vz,ax,ay,az
1.98847e+30,1.48344e+09,2.36185e+09,0,-0.157666,24.9377,0,-1.93047e-07,-8.29266e-09,0
5.9722e+24,1.41072e+11,-5.27212e+10,0,10912.8,27639.3,0,-0.00544298,0.00225607,0
6.4171e+23,1.23577e+11,1.93796e+11,0,-20394.3,13094.9,0,-0.00140431,-0.00215755,0
1.8982e+27,-7.75442e+11,-6.96189e+09,0,137.724,-13056.2,0,0.000219827,2.31827e-06,0
