m,x,y,z,vx,vy,vz,ax,ay,az
1.98847e+30,4.04277e+08,4.53204e+09,0,-11.1684,6.87037,0,9.77053e-08,-2.02704e-07,0
5.9722e+24,2.35904e+10,-1.44564e+11,0,29200.6,4338.04,0,-0.000798029,0.00577383,0
6.4171e+23,7.33187e+10,2.19443e+11,0,-22937.7,7861.37,0,-0.000850326,-0.00243255,0
1.8982e+27,3.55425e+11,-6.88385e+11,0,11615.4,5945.36,0,-9.95534e-05,0.000195,0
