m,x,y,z,vx,vy,vz,ax,ay,az
1.98847e+30,5.44749e+08,4.43416e+09,0,-11.9476,9.30001,0,4.24649e-08,-1.90201e-07,0
5.9722e+24,-1.16448e+11,9.64201e+10,0,-18881.1,-23240.5,0,0.00464647,-0.00378593,0
6.4171e+23,2.28336e+11,-5.32753e+09,0,1020.94,24108.9,0,-0.00254936,0.000132373,0
1.8982e+27,2.08661e+11,-7.45702e+11,0,12574.8,3481.46,0,-5.82414e-05,0.000211113,0
