m,x,y,z,vx,vy,vz,ax,ay,az
1.98847e+30,1.26091e+08,4.66421e+09,0,-7.03203,2.22387,0,1.71077e-07,-1.34724e-07,0
5.9722e+24,-1.5647e+10,-1.45411e+11,0,29329.9,-3358.03,0,0.00070735,0.00578525,0
6.4171e+23,-5.90831e+10,-2.16495e+11,0,23161.8,-6344.67,0,0.000677203,0.00243979,0
1.8982e+27,6.47009e+11,-4.28767e+11,0,7266.34,10841.9,0,-0.000181667,0.000122104,0
