m,x,y,z,vx,vy,vz,ax,ay,az
1.98847e+30,1.16076e+08,2.51422e+07,0,6.71332,1.95768,0,1.92576e-07,1.18654e-07,0
5.9722e+24,1.35854e+11,6.16421e+10,0,-12325.4,27230.4,0,-0.00547858,-0.00237331,0
6.4171e+23,-2.06185e+11,-9.78666e+10,0,10142.7,-21848.2,0,0.00230963,0.00107027,0
1.8982e+27,6.57073e+11,4.16899e+11,0,-6997.22,11029.7,0,-0.000185278,-0.000117192,0
