m,x,y,z,vx,vy,vz,ax,ay,az
1.98847e+30,6.33451e+08,3.29851e+08,0,12.2566,10.7498,0,2.35054e-08,1.91674e-07,0
5.9722e+24,-5.80647e+10,-1.38579e+11,0,27093.3,-11812,0,0.00236256,0.00533722,0
6.4171e+23,-2.04822e+11,9.79869e+10,0,-10556.4,-21734.6,0,0.00230636,-0.00112208,0
1.8982e+27,1.15703e+11,7.69045e+11,0,-12921.2,1942.29,0,-3.28361e-05,-0.000217202,0
