m,x,y,z,vx,vy,vz,ax,ay,az
1.98847e+30,1.85014e+07,2.23165e+06,0,2.743,0.463976,0,1.8909e-07,5.49729e-08,0
5.9722e+24,-1.28533e+11,7.52708e+10,0,-15524.5,-25569.4,0,0.00510934,-0.00311176,0
6.4171e+23,4.32131e+10,2.22777e+11,0,-23773.6,4701.76,0,-0.000513667,-0.00252553,0
1.8982e+27,7.60035e+11,1.67888e+11,0,-2816.57,12751.6,0,-0.000213984,-4.69431e-05,0
