m,x,y,z,vx,vy,vz,ax,ay,az
1.98847e+30,9.27921e+08,4.04719e+09,0,-12.01,15.752,0,-6.80681e-08,-1.92443e-07,0
5.9722e+24,-1.24137e+11,8.48995e+10,0,-16655.4,-24851.9,0,0.00496941,-0.00333656,0
6.4171e+23,-2.23309e+11,4.38658e+10,0,-4451.03,-23722.8,0,0.00251539,-0.00047066,0
1.8982e+27,-1.92556e+11,-7.49597e+11,0,12635,-3256.08,0,5.48198e-05,0.000212252,0
