m,x,y,z,vx,vy,vz,ax,ay,az
1.98847e+30,8.19197e+07,4.67653e+09,0,-5.72812,1.38992,0,2.02826e-07,-1.02285e-07,0
5.9722e+24,1.42573e+11,-4.21715e+10,0,9282.33,28218.2,0,-0.0055696,0.0019373,0
6.4171e+23,1.02429e+11,-2.0004e+11,0,21515,10693.6,0,-0.00111195,0.00227614,0
1.8982e+27,6.92728e+11,-3.51052e+11,0,5964.04,11610.3,0,-0.000194572,0.000100285,0
