m,x,y,z,vx,vy,vz,ax,ay,az
1.98847e+30,5.86283e+08,4.40092e+09,0,-12.0909,9.94996,0,4.11782e-08,-1.86973e-07,0
5.9722e+24,-2.98469e+10,1.49602e+11,0,-29472.5,-5841.74,0,0.00113363,-0.00592294,0
6.4171e+23,2.1022e+11,-8.61823e+10,0,9550.16,22113.5,0,-0.00232662,0.00103031,0
1.8982e+27,1.64886e+11,-7.56498e+11,0,12755.4,2746.53,0,-4.59166e-05,0.000214152,0
