m,x,y,z,vx,vy,vz,ax,ay,az
1.98847e+30,1.37212e+09,1.53967e+09,0,6.52208,23.0911,0,-1.6683e-07,9.77564e-08,0
5.9722e+24,1.06624e+11,-1.06062e+11,0,21218.8,20671.7,0,-0.00402375,0.00425584,0
6.4171e+23,-1.88515e+11,-1.25586e+11,0,13227.3,-20089.4,0,0.00212475,0.00139493,0
1.8982e+27,-6.58614e+11,4.112e+11,0,-6903.47,-11088.7,0,0.000186705,-0.000116267,0
