m,x,y,z,vx,vy,vz,ax,ay,az
1.98847e+30,4.17511e+08,1.68046e+08,0,11.2699,7.01423,0,1.06911e-07,1.99868e-07,0
5.9722e+24,1.16025e+11,9.38408e+10,0,-18793.7,23312.3,0,-0.00472123,-0.00369115,0
6.4171e+23,1.64765e+11,1.57072e+11,0,-16682.6,17535.2,0,-0.00187536,-0.00175747,0
1.8982e+27,3.4124e+11,6.99041e+11,0,-11741.1,5731.7,0,-9.65074e-05,-0.000197166,0
