m,x,y,z,vx,vy,vz,ax,ay,az
1.98847e+30,6.92254e+08,4.30789e+09,0,-12.4314,11.6357,0,3.1862e-08,-2.09116e-07,0
5.9722e+24,1.50138e+11,9.77216e+09,0,-1101.29,29786.9,0,-0.0059316,-0.000114905,0
6.4171e+23,5.83228e+10,-2.17265e+11,0,23258.7,5977.88,0,-0.000615101,0.00245568,0
1.8982e+27,5.336e+10,-7.72248e+11,0,13018.2,873.999,0,-1.4507e-05,0.000218592,0
