m,x,y,z,vx,vy,vz,ax,ay,az
1.98847e+30,1.46624e+09,2.01717e+09,0,2.74137,24.8035,0,-2.21813e-07,4.53628e-08,0
5.9722e+24,-1.48049e+11,-5.03932e+09,0,894.949,-29734.6,0,0.0059224,0.00017767,0
6.4171e+23,2.05731e+11,-1.00147e+11,0,10784.5,21557.9,0,-0.00226508,0.00115878,0
1.8982e+27,-7.56545e+11,1.72151e+11,0,-2878.2,-12738,0,0.000214494,-4.84708e-05,0
