m,x,y,z,vx,vy,vz,ax,ay,az
1.98847e+30,5.4393e+06,377552,0,1.53577,0.157226,0,2.11906e-07,4.21926e-08,0
5.9722e+24,2.66577e+10,1.45938e+11,0,-29505.8,5608.8,0,-0.00118668,-0.00591202,0
6.4171e+23,1.68728e+11,1.52229e+11,0,-16189.5,17989.8,0,-0.00192346,-0.0017039,0
1.8982e+27,7.73188e+11,9.00473e+10,0,-1510.5,12970.3,0,-0.000217599,-2.50224e-05,0
