m,x,y,z,vx,vy,vz,ax,ay,az
1.98847e+30,1.46854e+08,3.4811e+07,0,7.50576,2.5235,0,1.73001e-07,1.41123e-07,0
5.9722e+24,4.02447e+10,1.42891e+11,0,-28852.9,8304.18,0,-0.00172994,-0.00577398,0
6.4171e+23,-1.424e+11,-1.78835e+11,0,18700.4,-15124.8,0,0.00159922,0.00196971,0
1.8982e+27,6.2511e+11,4.63388e+11,0,-7778.24,10494.2,0,-0.000176326,-0.000130334,0
