m,x,y,z,vx,vy,vz,ax,ay,az
1.98847e+30,1.51356e+08,4.65572e+09,0,-7.59249,2.69943,0,1.53284e-07,-1.39333e-07,0
5.9722e+24,-1.05957e+11,-1.02128e+11,0,20683.7,-21166.8,0,0.004199,0.00408427,0
6.4171e+23,-1.33603e+11,-1.80951e+11,0,19392.5,-14195.2,0,0.00150135,0.0020437,0
1.8982e+27,6.20852e+11,-4.65506e+11,0,7881.93,10402.4,0,-0.000174292,0.000132418,0
