m,x,y,z,vx,vy,vz,ax,ay,az
1.98847e+30,1.43683e+09,2.87519e+09,0,-4.43783,24.3053,0,-2.11453e-07,-8.4137e-08,0
5.9722e+24,-1.19174e+11,-8.69618e+10,0,17327,-24009.8,0,0.00476567,0.00342525,0
6.4171e+23,-2.25985e+11,-1.32229e+10,0,1480.07,-24055.1,0,0.00254828,0.000156802,0
1.8982e+27,-7.25681e+11,-2.71668e+11,0,4593.86,-12218.7,0,0.000205653,7.73085e-05,0
