m,x,y,z,vx,vy,vz,ax,ay,az
1.98847e+30,5.07904e+08,2.2896e+08,0,11.9044,8.65264,0,5.56765e-08,2.13717e-07,0
5.9722e+24,-9.31994e+10,1.15589e+11,0,-23524.9,-18565.5,0,0.00370717,-0.00472953,0
6.4171e+23,-4.35566e+09,2.27068e+11,0,-24226,-397.384,0,3.1628e-05,-0.00257752,0
1.8982e+27,2.47264e+11,7.3746e+11,0,-12388.3,4153.2,0,-6.99986e-05,-0.000208129,0
