m,x,y,z,vx,vy,vz,ax,ay,az
1.98847e+30,1.38844e+09,1.59986e+09,0,6.0908,23.3432,0,-1.66519e-07,9.72151e-08,0
5.9722e+24,1.453e+11,-4.05332e+10,0,8363.57,28538.4,0,-0.00563378,0.00175468,0
6.4171e+23,-1.47377e+11,-1.7214e+11,0,18152,-15753.9,0,0.00166732,0.00191212,0
1.8982e+27,-6.75853e+11,3.82065e+11,0,-6412.9,-11379,0,0.0001916,-0.000108005,0
