m,x,y,z,vx,vy,vz,ax,ay,az
1.98847e+30,7.40205e+08,4.29993e+08,0,12.4455,12.4334,0,1.72215e-08,2.04306e-07,0
5.9722e+24,1.45097e+11,-4.01208e+10,0,8056.96,28618.7,0,-0.00565318,0.00169312,0
6.4171e+23,-2.02798e+11,-1.03185e+11,0,10752.7,-21541.1,0,0.00227796,0.00113376,0
1.8982e+27,3.23319e+09,7.77591e+11,0,-13066.3,51.2957,0,-1.02427e-06,-0.000219732,0
