m,x,y,z,vx,vy,vz,ax,ay,az
1.98847e+30,3.42359e+08,1.24013e+08,0,10.4414,5.75248,0,1.27449e-07,1.64724e-07,0
5.9722e+24,1.15872e+11,-9.62155e+10,0,19023.4,22718.8,0,-0.00443877,0.00383158,0
6.4171e+23,2.28173e+11,6.51546e+09,0,-667.105,24126.9,0,-0.00255408,-4.80235e-05,0
1.8982e+27,4.19945e+11,6.54864e+11,0,-10997.5,7053.1,0,-0.000118681,-0.000184597,0
