m,x,y,z,vx,vy,vz,ax,ay,az
1.98847e+30,4.87417e+08,2.14312e+08,0,11.7989,8.28225,0,6.70854e-08,2.14667e-07,0
5.9722e+24,-4.80301e+10,1.40465e+11,0,-28475.8,-9479.94,0,0.00187049,-0.00572866,0
6.4171e+23,3.73493e+10,2.24105e+11,0,-23890.8,4037.74,0,-0.000442068,-0.00253912,0
1.8982e+27,2.68569e+11,7.29989e+11,0,-12262.4,4511.12,0,-7.60112e-05,-0.000205993,0
