m,x,y,z,vx,vy,vz,ax,ay,az
1.98847e+30,1.29124e+09,3.39402e+09,0,-8.29961,21.8091,0,-1.61126e-07,-1.24601e-07,0
5.9722e+24,-5.55028e+10,1.40532e+11,0,-27881,-11129.7,0,0.00220736,-0.00560554,0
6.4171e+23,1.74832e+11,-1.45451e+11,0,15671.6,18264.7,0,-0.00191217,0.00167024,0
1.8982e+27,-5.735e+11,-5.20245e+11,0,8776.72,-9658.63,0,0.00016249,0.000147599,0
