m,x,y,z,vx,vy,vz,ax,ay,az
1.98847e+30,1.14213e+08,4.66784e+09,0,-6.72791,1.99559,0,1.80413e-07,-1.29405e-07,0
5.9722e+24,3.50144e+10,-1.42107e+11,0,28770.2,6650.03,0,-0.00125238,0.00569421,0
6.4171e+23,-1.82551e+10,-2.23577e+11,0,23924.9,-2043.34,0,0.000226182,0.00252105,0
1.8982e+27,6.59278e+11,-4.09844e+11,0,6949.25,11048,0,-0.000185129,0.000116792,0
