m,x,y,z,vx,vy,vz,ax,ay,az
1.98847e+30,1.03897e+09,3.88925e+09,0,-11.3527,17.4794,0,-6.96633e-08,-1.80416e-07,0
5.9722e+24,1.19721e+11,9.36755e+10,0,-18030.9,23928.8,0,-0.00484003,-0.00353112,0
6.4171e+23,-8.38285e+10,2.14375e+11,0,-22544.6,-8902.19,0,0.000941456,-0.00239875,0
1.8982e+27,-3.09695e+11,-7.09299e+11,0,11956.9,-5224.13,0,8.78859e-05,0.000200916,0
