m,x,y,z,vx,vy,vz,ax,ay,az
1.98847e+30,2.56845e+08,8.00345e+07,0,9.34791,4.44261,0,1.25008e-07,1.45468e-07,0
5.9722e+24,-1.09609e+11,-1.02771e+11,0,19923.4,-21909.5,0,0.00434628,0.00393231,0
6.4171e+23,1.45453e+11,-1.76682e+11,0,18614.6,15232.9,0,-0.00159186,0.00197447,0
1.8982e+27,5.10263e+11,5.87324e+11,0,-9861.43,8568.67,0,-0.00014409,-0.000165425,0
