m,x,y,z,vx,vy,vz,ax,ay,az
1.98847e+30,7.24569e+08,4.27704e+09,0,-12.5005,12.1896,0,2.02901e-08,-2.18294e-07,0
5.9722e+24,1.34104e+11,-6.47639e+10,0,13647.9,26347.8,0,-0.00517694,0.0027925,0
6.4171e+23,-3.27736e+09,-2.24663e+11,0,24002.5,-520.123,0,6.72042e-05,0.00253004,0
1.8982e+27,1.95792e+10,-7.73803e+11,0,13043.9,306.764,0,-4.98984e-06,0.000219034,0
