m,x,y,z,vx,vy,vz,ax,ay,az
1.98847e+30,1.15669e+09,1.001e+09,0,10.3982,19.439,0,-1.00767e-07,1.83233e-07,0
5.9722e+24,1.32172e+11,7.19384e+10,0,-14198.6,26335.3,0,-0.00530509,-0.00275431,0
6.4171e+23,1.1078e+11,1.99817e+11,0,-21176,11765.7,0,-0.0012641,-0.00224295,0
1.8982e+27,-4.33126e+11,6.45111e+11,0,-10840.9,-7291.55,0,0.000122678,-0.000182523,0
