m,x,y,z,vx,vy,vz,ax,ay,az
1.98847e+30,3.79215e+08,1.44938e+08,0,10.8735,6.35218,0,1.21447e-07,1.82331e-07,0
5.9722e+24,1.49982e+11,-1.49531e+09,0,337.31,29786.6,0,-0.00592498,0.000167133,0
6.4171e+23,2.1044e+11,8.76142e+10,0,-9274.07,22322.8,0,-0.00237499,-0.000963206,0
1.8982e+27,3.81235e+11,6.78095e+11,0,-11388.5,6403.25,0,-0.000107778,-0.000191203,0
