m,x,y,z,vx,vy,vz,ax,ay,az
1.98847e+30,1.31223e+09,3.33709e+09,0,-7.88573,22.1213,0,-1.57973e-07,-1.16792e-07,0
5.9722e+24,2.08546e+10,1.50382e+11,0,-29753.6,4207.92,0,-0.000899151,-0.00596393,0
6.4171e+23,1.28498e+11,-1.86878e+11,0,19999.5,13341.6,0,-0.00138987,0.00211968,0
1.8982e+27,-5.95716e+11,-4.94737e+11,0,8347.6,-10032.2,0,0.000168784,0.000140394,0
