m,x,y,z,vx,vy,vz,ax,ay,az
1.98847e+30,1.48351e+09,2.34031e+09,0,0.00963463,24.9447,0,-1.94428e-07,-7.9382e-09,0
5.9722e+24,1.29854e+11,-7.57625e+10,0,15441.2,25340.5,0,-0.00496757,0.00313954,0
6.4171e+23,1.40708e+11,1.8177e+11,0,-19105.4,14906.1,0,-0.00159611,-0.00201822,0
1.8982e+27,-7.75487e+11,4.31918e+09,0,-52.2156,-13057,0,0.000219843,-8.79767e-07,0
