m,x,y,z,vx,vy,vz,ax,ay,az
1.98847e+30,4.0781e+08,1.62052e+08,0,11.1758,6.8431,0,1.11344e-07,1.95808e-07,0
5.9722e+24,1.30623e+11,7.25354e+10,0,-14488.1,26166.7,0,-0.00527493,-0.00281295,0
6.4171e+23,1.78535e+11,1.41347e+11,0,-15001.9,18984.4,0,-0.00202761,-0.0015767,0
1.8982e+27,3.51352e+11,6.94022e+11,0,-11656.6,5901.5,0,-9.93576e-05,-0.000195736,0
