m,x,y,z,vx,vy,vz,ax,ay,az
1.98847e+30,7.61735e+08,4.51801e+08,0,12.4708,12.7917,0,1.20252e-08,2.10149e-07,0
5.9722e+24,1.49907e+11,1.08518e+10,0,-2059.08,29743.5,0,-0.00592761,-0.00031067,0
6.4171e+23,-1.80778e+11,-1.38399e+11,0,14476.2,-19220.2,0,0.00203219,0.00152535,0
1.8982e+27,-1.93434e+10,7.77335e+11,0,-13062.3,-328.382,0,5.36564e-06,-0.000219681,0
