m,x,y,z,vx,vy,vz,ax,ay,az
1.98847e+30,7.94088e+08,4.85697e+08,0,12.4874,13.3478,0,3.61259e-10,2.18371e-07,0
5.9722e+24,1.24632e+11,8.31415e+10,0,-16562.5,24930.9,0,-0.00503539,-0.00323566,0
6.4171e+23,-1.36765e+11,-1.82282e+11,0,19117.5,-14584.7,0,0.00154365,0.00201277,0
1.8982e+27,-5.31704e+10,7.75722e+11,0,-13035.6,-897.317,0,1.49423e-05,-0.000219256,0
