m,x,y,z,vx,vy,vz,ax,ay,az
1.98847e+30,6.12305e+08,3.11548e+08,0,12.2152,10.4168,0,2.46278e-08,1.94025e-07,0
5.9722e+24,-1.00789e+11,-1.10993e+11,0,21603.2,-20231.8,0,0.00401619,0.00426088,0
6.4171e+23,-1.83403e+11,1.33776e+11,0,-14354.8,-19457.2,0,0.00206536,-0.00152685,0
1.8982e+27,1.37982e+11,7.65381e+11,0,-12859.2,2316.77,0,-3.91331e-05,-0.000216142,0
