m,x,y,z,vx,vy,vz,ax,ay,az
1.98847e+30,1.4624e+09,2.70556e+09,0,-2.93564,24.7283,0,-2.17382e-07,-3.76776e-08,0
5.9722e+24,-1.08729e+11,1.02642e+11,0,-20458.8,-21859.5,0,0.00437233,-0.00410663,0
6.4171e+23,-1.77669e+11,1.42607e+11,0,-15051.7,-18925.2,0,0.00201,-0.00160012,0
1.8982e+27,-7.52519e+11,-1.85574e+11,0,3144.71,-12670.4,0,0.000213284,5.29308e-05,0
