m,x,y,z,vx,vy,vz,ax,ay,az
1.98847e+30,1.44764e+09,2.81193e+09,0,-3.88074,24.5023,0,-2.17836e-07,-6.69571e-08,0
5.9722e+24,-1.47122e+11,-1.62405e+10,0,3275.01,-29546.4,0,0.00588081,0.000651701,0
6.4171e+23,-2.21543e+11,4.89296e+10,0,-5108.04,-23584.5,0,0.00250155,-0.000541575,0
1.8982e+27,-7.36917e+11,-2.39755e+11,0,4056.72,-12407.8,0,0.000208847,6.8274e-05,0
