m,x,y,z,vx,vy,vz,ax,ay,az
1.98847e+30,1.2808e+09,1.26816e+09,0,8.60541,21.6913,0,-1.70514e-07,1.46191e-07,0
5.9722e+24,-1.48214e+11,6.25337e+09,0,-1496.49,-29733.5,0,0.00592584,-0.000299561,0
6.4171e+23,-1.73807e+11,1.46144e+11,0,-15571.2,-18500.3,0,0.00196456,-0.00165624,0
1.8982e+27,-5.62158e+11,5.36007e+11,0,-9004.67,-9464.27,0,0.000159314,-0.000151641,0
