m,x,y,z,vx,vy,vz,ax,ay,az
1.98847e+30,2.10056e+08,5.89391e+07,0,8.68477,3.67947,0,1.33707e-07,1.49678e-07,0
5.9722e+24,-1.43428e+11,4.06645e+10,0,-8596.35,-28584.4,0,0.00570485,-0.00171959,0
6.4171e+23,3.29336e+10,-2.26554e+11,0,23796.7,3340.81,0,-0.000339007,0.00250888,0
1.8982e+27,5.59421e+11,5.40773e+11,0,-9078.78,9393.13,0,-0.000157899,-0.000152234,0
