m,x,y,z,vx,vy,vz,ax,ay,az
1.98847e+30,1.34486e+09,3.24048e+09,0,-7.21208,22.615,0,-1.55017e-07,-1.13424e-07,0
5.9722e+24,1.26997e+11,8.31377e+10,0,-16026.5,25297.7,0,-0.00510493,-0.00312291,0
6.4171e+23,3.2384e+10,-2.23627e+11,0,23802.7,3182.9,0,-0.000320611,0.00251073,0
1.8982e+27,-6.30204e+11,-4.50151e+11,0,7597.43,-10612.3,0,0.000178559,0.000127795,0
