m,x,y,z,vx,vy,vz,ax,ay,az
1.98847e+30,1.48084e+09,2.21091e+09,0,1.05035,24.9674,0,-2.08414e-07,1.91494e-09,0
5.9722e+24,2.50413e+09,-1.4869e+11,0,29528.9,-21.5198,0,5.88197e-05,0.00582774,0
6.4171e+23,2.14521e+11,8.21883e+10,0,-8485.77,22655.5,0,-0.00240756,-0.000878659,0
1.8982e+27,-7.72313e+11,7.19133e+10,0,-1190.34,-13003.5,0,0.000218955,-2.00444e-05,0
