m,x,y,z,vx,vy,vz,ax,ay,az
1.98847e+30,3.85331e+07,6.05854e+06,0,3.86079,0.796616,0,1.84393e-07,5.52925e-08,0
5.9722e+24,-1.17594e+11,-9.37376e+10,0,18111.3,-23447.7,0,0.0046501,0.00357802,0
6.4171e+23,-9.96017e+10,2.03968e+11,0,-21834.6,-10492.9,0,0.00110938,-0.00232461,0
1.8982e+27,7.39065e+11,2.44001e+11,0,-4094,12401.6,0,-0.000208167,-6.83935e-05,0
