m,x,y,z,vx,vy,vz,ax,ay,az
1.98847e+30,1.15679e+07,4.69059e+09,0,-2.12094,0.361617,0,1.89008e-07,-3.80952e-08,0
5.9722e+24,-1.47263e+11,-2.30149e+10,0,4996.64,-29314.1,0,0.00582755,0.000993111,0
6.4171e+23,1.56463e+11,1.69439e+11,0,-17531.2,16695.3,0,-0.00178722,-0.00184801,0
1.8982e+27,7.67319e+11,-1.27216e+11,0,2212.01,12866.5,0,-0.000215727,3.7407e-05,0
