m,x,y,z,vx,vy,vz,ax,ay,az
1.98847e+30,5.5978e+08,2.68349e+08,0,12.093,9.55799,0,3.40466e-08,2.04485e-07,0
5.9722e+24,-1.48993e+11,3.61505e+09,0,-1165.84,-29757.9,0,0.00592808,-0.000234592,0
6.4171e+23,-1.04836e+11,2.01329e+11,0,-21521.8,-11094.5,0,0.00117479,-0.0022917,0
1.8982e+27,1.9313e+11,7.53405e+11,0,-12657.1,3243.62,0,-5.47141e-05,-0.000212696,0
