m,x,y,z,vx,vy,vz,ax,ay,az
1.98847e+30,8.96561e+08,4.08733e+09,0,-12.1794,15.2386,0,-6.20639e-08,-2.03463e-07,0
5.9722e+24,-1.48428e+11,1.23471e+10,0,-2169.65,-29704.7,0,0.00592001,-0.000430015,0
6.4171e+23,-2.26024e+11,-1.83966e+10,0,2146.47,-24007.6,0,0.00254237,0.000228249,0
1.8982e+27,-1.59627e+11,-7.57297e+11,0,12764.7,-2702.94,0,4.55302e-05,0.000214415,0
