m,x,y,z,vx,vy,vz,ax,ay,az
1.98847e+30,1.48172e+09,2.44799e+09,0,-0.820868,24.9086,0,-1.92043e-07,-8.39796e-09,0
5.9722e+24,1.43476e+11,4.82424e+10,0,-9153.38,28453.1,0,-0.00570378,-0.00173118,0
6.4171e+23,4.62919e+10,2.24896e+11,0,-23743,4899.71,0,-0.000532423,-0.00252192,0
1.8982e+27,-7.73621e+11,-5.20426e+10,0,896.73,-13025.6,0,0.000219301,1.50966e-05,0
