m,x,y,z,vx,vy,vz,ax,ay,az
1.98847e+30,1.42023e+09,2.95863e+09,0,-5.14461,23.9803,0,-1.97077e-07,-1.02296e-07,0
5.9722e+24,-3.62335e+10,-1.43135e+11,0,28516.1,-7650.37,0,0.0015504,0.0056212,0
6.4171e+23,-2.05597e+11,-9.34319e+10,0,9970.53,-21899.6,0,0.0023167,0.00105311,0
1.8982e+27,-7.08556e+11,-3.13397e+11,0,5296.17,-11930.5,0,0.000200788,8.91188e-05,0
