m,x,y,z,vx,vy,vz,ax,ay,az
1.98847e+30,4.13958e+08,4.52603e+09,0,-11.2506,7.04615,0,9.21188e-08,-2.04246e-07,0
5.9722e+24,-1.81911e+09,-1.46364e+11,0,29508.5,-681.966,0,0.000184899,0.00582469,0
6.4171e+23,9.28313e+10,2.11841e+11,0,-22116.9,9929.76,0,-0.00107041,-0.00234308,0
1.8982e+27,3.45357e+11,-6.93456e+11,0,11700.3,5776.33,0,-9.67195e-05,0.000196425,0
