m,x,y,z,vx,vy,vz,ax,ay,az
1.98847e+30,4.67129e+08,2.00305e+08,0,11.6731,7.91206,0,7.91491e-08,2.13321e-07,0
5.9722e+24,2.95871e+09,1.48512e+11,0,-30018.9,771.194,0,-0.000206687,-0.00602803,0
6.4171e+23,7.7808e+10,2.1357e+11,0,-22747.4,8334.67,0,-0.000900202,-0.00241374,0
1.8982e+27,2.89648e+11,7.21903e+11,0,-12126.1,4865.2,0,-8.19584e-05,-0.000203684,0
