m,x,y,z,vx,vy,vz,ax,ay,az
1.98847e+30,7.78683e+08,4.22235e+09,0,-12.5333,13.1545,0,-6.82576e-09,-2.26702e-07,0
5.9722e+24,3.726e+10,-1.42164e+11,0,28691.4,6973.71,0,-0.00131412,0.00568044,0
6.4171e+23,-1.03039e+11,-1.99734e+11,0,21332.7,-11030.7,0,0.00117001,0.00224738,0
1.8982e+27,-3.67696e+10,-7.73125e+11,0,13031.9,-639.49,0,1.08894e-05,0.000218851,0
