m,x,y,z,vx,vy,vz,ax,ay,az
1.98847e+30,1.04751e+08,2.1923e+07,0,6.37657,1.76165,0,1.97023e-07,1.07611e-07,0
5.9722e+24,1.49114e+11,1.20561e+10,0,-2391.84,29710.8,0,-0.00592459,-0.000375732,0
6.4171e+23,-2.20359e+11,-5.87768e+10,0,6009.3,-23344.4,0,0.00246932,0.000634522,0
1.8982e+27,6.689e+11,3.97676e+11,0,-6674.32,11227.8,0,-0.000188587,-0.000111761,0
