m,x,y,z,vx,vy,vz,ax,ay,az
1.98847e+30,1.14339e+09,3.71481e+09,0,-10.5537,19.2676,0,-1.074e-07,-1.92065e-07,0
5.9722e+24,5.06219e+10,-1.38768e+11,0,27950.6,9554.17,0,-0.00182023,0.00554189,0
6.4171e+23,1.3526e+11,1.86954e+11,0,-19529.2,14360.4,0,-0.00153922,-0.00206285,0
1.8982e+27,-4.18939e+11,-6.5088e+11,0,10974.2,-7060.06,0,0.000118754,0.00018446,0
