m,x,y,z,vx,vy,vz,ax,ay,az
1.98847e+30,1.30251e+09,1.32487e+09,0,8.15663,22.0489,0,-1.74815e-07,1.30421e-07,0
5.9722e+24,-1.31894e+11,-6.8129e+10,0,13297.1,-26500.9,0,0.00526194,0.00263084,0
6.4171e+23,-2.06839e+11,9.31524e+10,0,-9944.72,-22011.7,0,0.00233645,-0.00105636,0
1.8982e+27,-5.84937e+11,5.10958e+11,0,-8582.99,-9847.88,0,0.000165783,-0.000144544,0
