m,x,y,z,vx,vy,vz,ax,ay,az
1.98847e+30,1.47063e+09,2.0601e+09,0,2.35787,24.8712,0,-2.21701e-07,3.36118e-08,0
5.9722e+24,-1.37377e+11,-5.49885e+10,0,10829.5,-27617.6,0,0.00548654,0.00214563,0
6.4171e+23,2.20704e+11,-6.13201e+10,0,6699.34,23176.1,0,-0.00244143,0.000730009,0
1.8982e+27,-7.61182e+11,1.50068e+11,0,-2506.34,-12816.1,0,0.000215807,-4.22077e-05,0
