m,x,y,z,vx,vy,vz,ax,ay,az
1.98847e+30,3.66323e+08,4.55456e+09,0,-10.7929,6.18739,0,1.18433e-07,-1.91558e-07,0
5.9722e+24,1.11623e+11,-9.67493e+10,0,19972.1,21860.6,0,-0.00426553,0.00401856,0
6.4171e+23,-9.18663e+09,2.3123e+11,0,-24236,-901.992,0,8.48332e-05,-0.00257709,0
1.8982e+27,3.94935e+11,-6.66657e+11,0,11251.5,6608.66,0,-0.000110674,0.000188896,0
