m,x,y,z,vx,vy,vz,ax,ay,az
1.98847e+30,2.64973e+08,8.39327e+07,0,9.45588,4.56829,0,1.24968e-07,1.45494e-07,0
5.9722e+24,-9.07271e+10,-1.19972e+11,0,23337.4,-18185.2,0,0.00361189,0.00460124,0
6.4171e+23,1.60854e+11,-1.62735e+11,0,17155.8,16867.9,0,-0.00176533,0.00182291,0
1.8982e+27,5.01684e+11,5.94659e+11,0,-9984.78,8424.75,0,-0.000141678,-0.000167506,0
