m,x,y,z,vx,vy,vz,ax,ay,az
1.98847e+30,1.45699e+09,2.74822e+09,0,-3.31325,24.6532,0,-2.19229e-07,-4.89411e-08,0
5.9722e+24,-1.36506e+11,5.93824e+10,0,-11807.8,-27426.5,0,0.00548134,-0.00236203,0
6.4171e+23,-2.0037e+11,1.07617e+11,0,-11336.1,-21337.5,0,0.00226548,-0.00120401,0
1.8982e+27,-7.46751e+11,-2.07382e+11,0,3511.8,-12573.3,0,0.000211643,5.9107e-05,0
