m,x,y,z,vx,vy,vz,ax,ay,az
1.98847e+30,1.25384e+09,3.48698e+09,0,-8.99844,21.2261,0,-1.60623e-07,-1.46238e-07,0
5.9722e+24,-1.40933e+11,4.88033e+10,0,-9554.33,-28273.9,0,0.00564721,-0.00190823,0
6.4171e+23,2.22159e+11,-5.37645e+10,0,6038.38,23350.7,0,-0.00246097,0.000661705,0
1.8982e+27,-5.34075e+11,-5.60527e+11,0,9454.38,-8995.65,0,0.000151326,0.000158972,0
