m,x,y,z,vx,vy,vz,ax,ay,az
1.98847e+30,3.24497e+08,1.14303e+08,0,10.2206,5.47399,0,1.27872e-07,1.57472e-07,0
5.9722e+24,7.73137e+10,-1.29453e+11,0,25487.5,15004,0,-0.00289854,0.00507212,0
6.4171e+23,2.2571e+11,-3.50455e+10,0,3727.34,23827.5,0,-0.00251609,0.00041632,0
1.8982e+27,4.38778e+11,6.42415e+11,0,-10788.1,7369.2,0,-0.000123983,-0.00018106,0
