m,x,y,z,vx,vy,vz,ax,ay,az
1.98847e+30,1.71522e+08,4.64827e+09,0,-7.97609,3.06022,0,1.42955e-07,-1.38577e-07,0
5.9722e+24,-1.44082e+11,-3.63781e+10,0,7637.17,-28711,0,0.00570404,0.00151708,0
6.4171e+23,-1.78457e+11,-1.37966e+11,0,14849.1,-18924.5,0,0.00199974,0.00156683,0
1.8982e+27,5.99862e+11,-4.92032e+11,0,8326.35,10049.8,0,-0.000168376,0.000139865,0
