m,x,y,z,vx,vy,vz,ax,ay,az
1.98847e+30,1.4748e+09,2.57699e+09,0,-1.8411,24.8558,0,-2.03389e-07,-1.41895e-08,0
5.9722e+24,3.29839e+10,1.4755e+11,0,-29306,6608.46,0,-0.00138361,-0.00586867,0
6.4171e+23,-7.74043e+10,2.15391e+11,0,-22775.5,-8257.06,0,0.00087295,-0.00242416,0
1.8982e+27,-7.65985e+11,-1.19271e+11,0,2028.56,-12897,0,0.000217119,3.41481e-05,0
