m,x,y,z,vx,vy,vz,ax,ay,az
1.98847e+30,6.70826e+08,4.32767e+09,0,-12.3714,11.2803,0,3.6973e-08,-2.02523e-07,0
5.9722e+24,1.39045e+11,5.98943e+10,0,-11128.6,27748,0,-0.00557504,-0.00212762,0
6.4171e+23,9.72968e+10,-2.03162e+11,0,21798.7,10096.4,0,-0.00104857,0.00230565,0
1.8982e+27,7.58291e+10,-7.70395e+11,0,12987.4,1251.28,0,-2.08364e-05,0.000218069,0
