m,x,y,z,vx,vy,vz,ax,ay,az
1.98847e+30,1.16563e+09,1.01787e+09,0,10.3092,19.5978,0,-1.04993e-07,1.84202e-07,0
5.9722e+24,1.1781e+11,9.34127e+10,0,-18535,23529,0,-0.00476134,-0.00363834,0
6.4171e+23,9.19996e+10,2.09043e+11,0,-22168.4,9775.15,0,-0.00105262,-0.00235071,0
1.8982e+27,-4.42442e+11,6.38737e+11,0,-10733.6,-7448.39,0,0.000125322,-0.000180721,0
