m,x,y,z,vx,vy,vz,ax,ay,az
1.98847e+30,1.48321e+09,2.29719e+09,0,0.348569,24.9573,0,-1.98262e-07,-6.3153e-09,0
5.9722e+24,9.66454e+10,-1.14426e+11,0,22987.5,18652.3,0,-0.00361956,0.00459663,0
6.4171e+23,1.71307e+11,1.53282e+11,0,-16059.1,18133.1,0,-0.00193648,-0.00168992,0
1.8982e+27,-7.75085e+11,2.68777e+10,0,-432.04,-13050.2,0,0.000219733,-7.2752e-06,0
