m,x,y,z,vx,vy,vz,ax,ay,az
1.98847e+30,9.89266e+08,3.96306e+09,0,-11.6502,16.7077,0,-6.91496e-08,-1.78706e-07,0
5.9722e+24,8.43814e+09,1.52104e+11,0,-30001.1,1776.14,0,-0.000408345,-0.00601847,0
6.4171e+23,-1.68829e+11,1.54943e+11,0,-16239.5,-17942.4,0,0.00190527,-0.00172574,0
1.8982e+27,-2.57254e+11,-7.29935e+11,0,12304.1,-4342.99,0,7.30787e-05,0.000206723,0
