m,x,y,z,vx,vy,vz,ax,ay,az
1.98847e+30,1.41771e+09,1.72221e+09,0,5.20476,23.8509,0,-1.77951e-07,9.8018e-08,0
5.9722e+24,1.101e+11,1.03246e+11,0,-20391.7,21968.3,0,-0.0044545,-0.00401803,0
6.4171e+23,-3.5925e+10,-2.24179e+11,0,23682.9,-4018.67,0,0.000435365,0.00249391,0
1.8982e+27,-7.06438e+11,3.2168e+11,0,-5396.12,-11894.1,0,0.000200282,-9.08806e-05,0
