m,x,y,z,vx,vy,vz,ax,ay,az
1.98847e+30,1.22997e+09,3.54147e+09,0,-9.40736,20.8269,0,-1.54296e-07,-1.6124e-07,0
5.9722e+24,-1.45434e+11,-2.73849e+10,0,5630.01,-29170.8,0,0.00580169,0.00111968,0
6.4171e+23,2.29096e+11,8.21411e+09,0,-506.698,24147,0,-0.00255469,-2.90983e-05,0
1.8982e+27,-5.09052e+11,-5.83284e+11,0,9837.19,-8574.93,0,0.000144244,0.000165395,0
