m,x,y,z,vx,vy,vz,ax,ay,az
1.98847e+30,1.34638e+07,4.69026e+09,0,-2.2839,0.394537,0,1.88213e-07,-3.80951e-08,0
5.9722e+24,-1.49609e+11,2.55624e+09,0,-90.122,-29781,0,0.00592898,-1.74227e-05,0
6.4171e+23,1.70994e+11,1.54408e+11,0,-15923.3,18225.7,0,-0.00194827,-0.00167492,0
1.8982e+27,7.65336e+11,-1.38319e+11,0,2398.18,12833,0,-0.000215159,4.05278e-05,0
