m,x,y,z,vx,vy,vz,ax,ay,az
1.98847e+30,8.32677e+08,4.16345e+09,0,-12.4404,14.1295,0,-3.63471e-08,-2.22435e-07,0
5.9722e+24,-8.44622e+10,-1.20058e+11,0,24140.8,-17049.3,0,0.00339029,0.00476212,0
6.4171e+23,-1.81701e+11,-1.33385e+11,0,14311.8,-19322.7,0,0.00204306,0.00151025,0
1.8982e+27,-9.29213e+10,-7.68364e+11,0,12951.3,-1582.52,0,2.67183e-05,0.00021752,0
