m,x,y,z,vx,vy,vz,ax,ay,az
1.98847e+30,1.1063e+09,3.78022e+09,0,-10.8891,18.6035,0,-8.79032e-08,-1.9113e-07,0
5.9722e+24,1.2863e+11,-7.57273e+10,0,15705,25160.6,0,-0.00493199,0.00319273,0
6.4171e+23,6.00732e+10,2.22894e+11,0,-23395.4,6396.85,0,-0.000692833,-0.00248285,0
1.8982e+27,-3.80308e+11,-6.74136e+11,0,11365.4,-6410.77,0,0.000107835,0.000191013,0
