m,x,y,z,vx,vy,vz,ax,ay,az
1.98847e+30,8.80055e+08,5.8334e+08,0,12.3355,14.8904,0,-4.54157e-08,2.22139e-07,0
5.9722e+24,-5.89525e+10,1.36435e+11,0,-27605.4,-11749,0,0.00233114,-0.00555382,0
6.4171e+23,1.92681e+10,-2.27633e+11,0,23964.8,1843.3,0,-0.000180466,0.00252543,0
1.8982e+27,-1.42701e+11,7.64237e+11,0,-12843.3,-2403.41,0,4.03021e-05,-0.000216083,0
