m,x,y,z,vx,vy,vz,ax,ay,az
1.98847e+30,1.14767e+09,9.84265e+08,0,10.4838,19.2812,0,-9.70129e-08,1.81992e-07,0
5.9722e+24,1.42619e+11,4.83439e+10,0,-9455.23,28346.1,0,-0.00568485,-0.00179419,0
6.4171e+23,1.28633e+11,1.88909e+11,0,-20005,13655.6,0,-0.0014645,-0.00211614,0
1.8982e+27,-4.23718e+11,6.5135e+11,0,-10945.8,-7133.16,0,0.000120007,-0.000184287,0
