m,x,y,z,vx,vy,vz,ax,ay,az
1.98847e+30,4.02171e+07,4.68541e+09,0,-3.94622,0.74891,0,2.01534e-07,-5.02476e-08,0
5.9722e+24,2.28732e+10,1.51261e+11,0,-29648.2,4844.94,0,-0.00103217,-0.00594177,0
6.4171e+23,2.23753e+11,-4.00705e+10,0,4728.28,23639.6,0,-0.00249498,0.000522808,0
1.8982e+27,7.36749e+11,-2.47326e+11,0,4225.56,12351,0,-0.000207028,7.11546e-05,0
