m,x,y,z,vx,vy,vz,ax,ay,az
1.98847e+30,1.01924e+09,3.91918e+09,0,-11.4719,17.1696,0,-6.86458e-08,-1.7844e-07,0
5.9722e+24,8.17557e+10,1.28581e+11,0,-25125.6,16428.7,0,-0.0033577,-0.00499139,0
6.4171e+23,-1.21061e+11,1.95344e+11,0,-20528.3,-12863.4,0,0.00136438,-0.0021837,0
1.8982e+27,-2.88899e+11,-7.1801e+11,0,12103.5,-4874.7,0,8.20132e-05,0.000203368,0
