m,x,y,z,vx,vy,vz,ax,ay,az
1.98847e+30,4.23709e+08,4.51988e+09,0,-11.328,7.22305,0,8.6525e-08,-2.05264e-07,0
5.9722e+24,-2.71643e+10,-1.43824e+11,0,28967.2,-5682.38,0,0.0011628,0.00571227,0
6.4171e+23,1.11562e+11,2.02484e+11,0,-21109.4,11913,0,-0.00128108,-0.00223364,0
1.8982e+27,3.35215e+11,-6.9838e+11,0,11782.7,5606.08,0,-9.38651e-05,0.000197809,0
