m,x,y,z,vx,vy,vz,ax,ay,az
1.98847e+30,1.92652e+08,4.63989e+09,0,-8.33786,3.4165,0,1.36721e-07,-1.36158e-07,0
5.9722e+24,-1.4489e+11,3.99406e+10,0,-7556.49,-28871.9,0,0.00576058,-0.00150753,0
6.4171e+23,-2.10053e+11,-8.44012e+10,0,9187.92,-22261.2,0,0.00235352,0.000971416,0
1.8982e+27,5.77739e+11,-5.17619e+11,0,8755.03,9678.16,0,-0.000162142,0.000147048,0
