m,x,y,z,vx,vy,vz,ax,ay,az
1.98847e+30,5.50427e+07,4.6825e+09,0,-4.65483,0.95053,0,2.07814e-07,-6.80851e-08,0
5.9722e+24,1.12088e+11,1.02542e+11,0,-19658.5,22605.2,0,-0.00458386,-0.00386573,0
6.4171e+23,1.93396e+11,-1.17093e+11,0,12838,20359.7,0,-0.00213793,0.00137404,0
1.8982e+27,7.20948e+11,-2.89575e+11,0,4933.71,12085,0,-0.000202552,8.3021e-05,0
