m,x,y,z,vx,vy,vz,ax,ay,az
1.98847e+30,3.94668e+08,4.53789e+09,0,-11.0813,6.69618,0,1.03206e-07,-2.00643e-07,0
5.9722e+24,4.83329e+10,-1.38474e+11,0,28051.6,9236.85,0,-0.00175985,0.00556085,0
6.4171e+23,5.31885e+10,2.25225e+11,0,-23564.7,5725.5,0,-0.000622739,-0.00250123,0
1.8982e+27,3.6542e+11,-6.83168e+11,0,11528,6113.15,0,-0.000102366,0.000193534,0
