m,x,y,z,vx,vy,vz,ax,ay,az
1.98847e+30,4.91844e+07,8.31812e+06,0,4.3434,0.943347,0,1.88238e-07,5.83933e-08,0
5.9722e+24,-5.71369e+10,-1.39537e+11,0,27211.5,-11524.9,0,0.00230426,0.00536206,0
6.4171e+23,-1.51585e+11,1.69138e+11,0,-18144.7,-16026.4,0,0.00169957,-0.00193095,0
1.8982e+27,7.27734e+11,2.75898e+11,0,-4629.43,12212.2,0,-0.000205014,-7.73878e-05,0
