m,x,y,z,vx,vy,vz,ax,ay,az
1.98847e+30,7.89509e+08,4.21091e+09,0,-12.5251,13.3505,0,-1.28467e-08,-2.26912e-07,0
5.9722e+24,1.2116e+10,-1.46265e+11,0,29449.3,2000.78,0,-0.000339169,0.00581794,0
6.4171e+23,-1.21059e+11,-1.89458e+11,0,20243.5,-12929.3,0,0.00136947,0.00213301,0
1.8982e+27,-4.80252e+10,-7.72499e+11,0,13021.2,-828.513,0,1.40618e-05,0.000218677,0
