m,x,y,z,vx,vy,vz,ax,ay,az
1.98847e+30,1.99942e+07,4.68912e+09,0,-2.77142,0.493307,0,1.88683e-07,-3.82833e-08,0
5.9722e+24,-1.30465e+11,7.66214e+10,0,-14863.8,-25954.9,0,0.00518593,-0.00297722,0
6.4171e+23,2.05516e+11,1.02303e+11,0,-10364.5,21842.6,0,-0.00232571,-0.00107898,0
1.8982e+27,7.58423e+11,-1.71441e+11,0,2953.48,12716.3,0,-0.000213186,4.98357e-05,0
