m,x,y,z,vx,vy,vz,ax,ay,az
1.98847e+30,2.89917e+08,9.62806e+07,0,9.78105,4.94787,0,1.26131e-07,1.4795e-07,0
5.9722e+24,-2.08544e+10,-1.49305e+11,0,29208.2,-4416.48,0,0.00091444,0.00575735,0
6.4171e+23,1.9862e+11,-1.13317e+11,0,11972.9,20894.6,0,-0.00219539,0.0012823,0
1.8982e+27,4.75321e+11,6.15907e+11,0,-10342.1,7982.43,0,-0.000134265,-0.000173534,0
