m,x,y,z,vx,vy,vz,ax,ay,az
1.98847e+30,1.12942e+09,9.51204e+08,0,10.6462,18.9691,0,-9.10131e-08,1.79063e-07,0
5.9722e+24,1.50715e+11,-2.32835e+09,0,664.206,29791.9,0,-0.00592218,0.000231895,0
6.4171e+23,1.60965e+11,1.62433e+11,0,-17169.9,17070.7,0,-0.00182532,-0.00181018,0
1.8982e+27,-4.04636e+11,6.63413e+11,0,-11148.8,-6811.89,0,0.000114591,-0.000187696,0
