m,x,y,z,vx,vy,vz,ax,ay,az
1.98847e+30,1.40318e+07,1.50749e+06,0,2.41204,0.369803,0,1.94494e-07,5.37202e-08,0
5.9722e+24,-9.49702e+10,1.1432e+11,0,-23326.8,-18832.1,0,0.00375916,-0.004688,0
6.4171e+23,8.33692e+10,2.11119e+11,0,-22509.5,8964.47,0,-0.000967806,-0.00238721,0
1.8982e+27,7.64598e+11,1.45789e+11,0,-2445.74,12827.6,0,-0.000215243,-4.07183e-05,0
