m,x,y,z,vx,vy,vz,ax,ay,az
1.98847e+30,3.20188e+06,4.69195e+09,0,-1.11208,0.172124,0,2.01943e-07,-3.31528e-08,0
5.9722e+24,-5.36672e+10,-1.36261e+11,0,27486.2,-10830.8,0,0.00216842,0.0054169,0
6.4171e+23,4.65258e+10,2.26803e+11,0,-23704,5053.48,0,-0.000551383,-0.00251745,0
1.8982e+27,7.75826e+11,-6.00929e+10,0,1086.5,13010.8,0,-0.000218183,1.85376e-05,0
