m,x,y,z,vx,vy,vz,ax,ay,az
1.98847e+30,2.35353e+07,3.11977e+06,0,3.06613,0.559208,0,1.85399e-07,5.51151e-08,0
5.9722e+24,-1.46843e+11,2.72825e+10,0,-5944.29,-29233.6,0,0.0058299,-0.00118722,0
6.4171e+23,1.59711e+09,2.269e+11,0,-24234.2,277.895,0,-4.14479e-05,-0.00257746,0
1.8982e+27,7.54834e+11,1.89845e+11,0,-3185.05,12664.8,0,-0.000212544,-5.31295e-05,0
