m,x,y,z,vx,vy,vz,ax,ay,az
1.98847e+30,2.94832e+08,4.59298e+09,0,-9.88019,4.98511,0,1.39851e-07,-1.55842e-07,0
5.9722e+24,1.19979e+11,9.30641e+10,0,-17762.2,24111.4,0,-0.0048778,-0.0034765,0
6.4171e+23,-1.5947e+11,1.66076e+11,0,-17353.9,-16890,0,0.00179216,-0.00184512,0
1.8982e+27,4.69851e+11,-6.1652e+11,0,10411.8,7866.44,0,-0.000131761,0.000174815,0
