m,x,y,z,vx,vy,vz,ax,ay,az
1.98847e+30,1.43458e+09,1.80523e+09,0,4.56371,24.1824,0,-1.93251e-07,9.26195e-08,0
5.9722e+24,1.9338e+10,1.49062e+11,0,-29784.9,3880.19,0,-0.000832727,-0.00597319,0
6.4171e+23,4.66333e+10,-2.22646e+11,0,23570.1,4681.49,0,-0.000477389,0.00248637,0
1.8982e+27,-7.2385e+11,2.80043e+11,0,-4695,-12187.4,0,0.000205223,-7.90715e-05,0
