m,x,y,z,vx,vy,vz,ax,ay,az
1.98847e+30,1.30535e+09,3.35616e+09,0,-8.02276,22.0194,0,-1.59102e-07,-1.18872e-07,0
5.9722e+24,-5.04934e+09,1.51551e+11,0,-30031.4,-989.773,0,0.000152823,-0.00603023,0
6.4171e+23,1.45176e+11,-1.74502e+11,0,18708.9,15110.7,0,-0.00157706,0.00198594,0
1.8982e+27,-5.88434e+11,-5.03347e+11,0,8492.45,-9909.78,0,0.000166721,0.000142826,0
