m,x,y,z,vx,vy,vz,ax,ay,az
1.98847e+30,1.48286e+09,2.40493e+09,0,-0.489668,24.9231,0,-1.91592e-07,-8.43988e-09,0
5.9722e+24,1.51033e+11,-2.52367e+09,0,980.31,29787.1,0,-0.00591857,0.000296979,0
6.4171e+23,8.63688e+10,2.12904e+11,0,-22447.1,9153.43,0,-0.000985627,-0.00238028,0
1.8982e+27,-7.74859e+11,-2.95157e+10,0,517.459,-13046.4,0,0.000219657,8.71156e-06,0
