m,x,y,z,vx,vy,vz,ax,ay,az
1.98847e+30,1.37459e+09,3.14174e+09,0,-6.53136,23.1094,0,-1.62291e-07,-1.15545e-07,0
5.9722e+24,1.44828e+11,-4.05756e+10,0,8662.68,28441.9,0,-0.00561312,0.00181604,0
6.4171e+23,-7.00322e+10,-2.14364e+11,0,22773.8,-7610.01,0,0.000811394,0.00239875,0
1.8982e+27,-6.61366e+11,-4.03175e+11,0,6807,-11136.5,0,0.000187395,0.000114515,0
