m,x,y,z,vx,vy,vz,ax,ay,az
1.98847e+30,1.08475e+08,4.66951e+09,0,-6.56988,1.88538,0,1.84916e-07,-1.25974e-07,0
5.9722e+24,5.9201e+10,-1.34065e+11,0,27236.7,11444.5,0,-0.00219539,0.00540684,0
6.4171e+23,2.47132e+09,-2.24305e+11,0,24011.5,141.057,0,-2.9016e-06,0.00253104,0
1.8982e+27,6.65206e+11,-4.00251e+11,0,6788.51,11147.7,0,-0.000186802,0.000114098,0
