m,x,y,z,vx,vy,vz,ax,ay,az
1.98847e+30,1.45842e+09,1.95305e+09,0,3.31238,24.6636,0,-2.17803e-07,6.30233e-08,0
5.9722e+24,-1.31378e+11,6.95331e+10,0,-13987.5,-26401,0,0.00527863,-0.00280181,0
6.4171e+23,1.70786e+11,-1.51663e+11,0,16187,17823.5,0,-0.00186493,0.00172299,0
1.8982e+27,-7.48391e+11,2.05001e+11,0,-3431.36,-12600.7,0,0.000212183,-5.77877e-05,0
