m,x,y,z,vx,vy,vz,ax,ay,az
1.98847e+30,8.88662e+07,1.76893e+07,0,5.86167,1.50366,0,1.99563e-07,9.10578e-08,0
5.9722e+24,1.36314e+11,-6.3112e+10,0,12503,26918.8,0,-0.00529698,0.00256576,0
6.4171e+23,-2.27781e+11,3.10023e+09,0,-539.611,-24127.4,0,0.00255516,-5.79033e-05,0
1.8982e+27,6.85583e+11,3.68219e+11,0,-6179.58,11507.1,0,-0.000193252,-0.000103441,0
