m,x,y,z,vx,vy,vz,ax,ay,az
1.98847e+30,1.4713e+09,2.61991e+09,0,-2.19745,24.8264,0,-2.08776e-07,-1.9906e-08,0
5.9722e+24,-1.86282e+10,1.49598e+11,0,-29801.7,-3748.97,0,0.000712299,-0.00598885,0
6.4171e+23,-1.1514e+11,1.97428e+11,0,-20872.5,-12273.5,0,0.00130179,-0.00222138,0
1.8982e+27,-7.62139e+11,-1.415e+11,0,2402.77,-12832.3,0,0.000216023,4.0446e-05,0
