m,x,y,z,vx,vy,vz,ax,ay,az
1.98847e+30,3.07017e+08,1.05064e+08,0,10,5.20677,0,1.27233e-07,1.51815e-07,0
5.9722e+24,2.99231e+10,-1.47835e+11,0,29007.5,5605.98,0,-0.00104748,0.00573521,0
6.4171e+23,2.15743e+11,-7.54357e+10,0,7987.37,22736.8,0,-0.00239494,0.000864601,0
1.8982e+27,4.57242e+11,6.29426e+11,0,-10569.6,7679.06,0,-0.000129179,-0.000177371,0
