m,x,y,z,vx,vy,vz,ax,ay,az
1.98847e+30,1.26156e+09,3.46859e+09,0,-8.85922,21.3505,0,-1.61642e-07,-1.4134e-07,0
5.9722e+24,-1.30812e+11,7.2504e+10,0,-14290.4,-26250.3,0,0.00524834,-0.0028605,0
6.4171e+23,2.16121e+11,-7.36973e+10,0,8137.92,22692.7,0,-0.00238853,0.000882365,0
1.8982e+27,-5.42192e+11,-5.52702e+11,0,9322.74,-9132.15,0,0.000153624,0.000156763,0
