m,x,y,z,vx,vy,vz,ax,ay,az
1.98847e+30,9.1185e+08,6.22699e+08,0,12.1955,15.4569,0,-6.14804e-08,2.14538e-07,0
5.9722e+24,-1.19099e+11,8.86949e+10,0,-18073.5,-23839.9,0,0.00476729,-0.0036274,0
6.4171e+23,7.9918e+10,-2.14208e+11,0,22588.7,8240.69,0,-0.000852718,0.00238527,0
1.8982e+27,-1.75839e+11,7.57259e+11,0,-12726.3,-2960.98,0,4.96934e-05,-0.000214134,0
