m,x,y,z,vx,vy,vz,ax,ay,az
1.98847e+30,4.43402e+08,4.5071e+09,0,-11.4685,7.57845,0,7.5626e-08,-2.05774e-07,0
5.9722e+24,-7.47643e+10,-1.26132e+11,0,25417.5,-15067.1,0,0.00299997,0.00501223,0
6.4171e+23,1.46052e+11,1.78839e+11,0,-18571.5,15557.6,0,-0.00166698,-0.00195906,0
1.8982e+27,3.14724e+11,-7.07786e+11,0,11940.2,5262.07,0,-8.80975e-05,0.000200452,0
