m,x,y,z,vx,vy,vz,ax,ay,az
1.98847e+30,1.01423e+07,943618,0,2.07063,0.279138,0,2.01141e-07,5.07375e-08,0
5.9722e+24,-5.00638e+10,1.39708e+11,0,-28378,-9802.2,0,0.001934,-0.00570753,0
6.4171e+23,1.20709e+11,1.92328e+11,0,-20486.2,12920.5,0,-0.00138801,-0.00216756,0
1.8982e+27,7.68519e+11,1.23568e+11,0,-2072.89,12892.8,0,-0.000216322,-3.44603e-05,0
