m,x,y,z,vx,vy,vz,ax,ay,az
1.98847e+30,6.33815e+07,4.68075e+09,0,-5.0147,1.07715,0,2.08384e-07,-7.91745e-08,0
5.9722e+24,1.39055e+11,5.87241e+10,0,-10814,27856.1,0,-0.00559684,-0.00206564,0
6.4171e+23,1.68294e+11,-1.50166e+11,0,16306.6,17680.7,0,-0.00185164,0.00173593,0
1.8982e+27,7.12137e+11,-3.10337e+11,0,5281.69,11936.8,0,-0.000200059,8.88518e-05,0
