m,x,y,z,vx,vy,vz,ax,ay,az
1.98847e+30,4.5707e+08,1.9354e+08,0,11.6024,7.72832,0,8.5174e-08,2.11737e-07,0
5.9722e+24,2.87314e+10,1.45827e+11,0,-29432.1,5942.13,0,-0.00125244,-0.00589802,0
6.4171e+23,9.71396e+10,2.05566e+11,0,-21884.2,10385,0,-0.00111837,-0.00231976,0
1.8982e+27,3.00097e+11,7.17631e+11,0,-12054.2,5040.72,0,-8.49059e-05,-0.000202465,0
