m,x,y,z,vx,vy,vz,ax,ay,az
1.98847e+30,1.4638e+09,1.99576e+09,0,2.93276,24.762,0,-2.21039e-07,5.13358e-08,0
5.9722e+24,-1.46832e+11,2.06197e+10,0,-4219.09,-29491.6,0,0.00588263,-0.000841975,0
6.4171e+23,1.95662e+11,-1.18365e+11,0,12697.6,20478.1,0,-0.00214875,0.00135895,0
1.8982e+27,-7.53987e+11,1.8314e+11,0,-3063.25,-12694.9,0,0.000213769,-5.15875e-05,0
