m,x,y,z,vx,vy,vz,ax,ay,az
1.98847e+30,5.80727e+08,2.85183e+08,0,12.1468,9.9071,0,2.88975e-08,1.99846e-07,0
5.9722e+24,-1.41793e+11,-4.70096e+10,0,8904.17,-28332.4,0,0.00562861,0.00176357,0
6.4171e+23,-1.39948e+11,1.78702e+11,0,-19123,-14832.9,0,0.00157358,-0.00203573,0
1.8982e+27,1.71176e+11,7.58676e+11,0,-12746,2874.68,0,-4.85127e-05,-0.00021421,0
