m,x,y,z,vx,vy,vz,ax,ay,az
1.98847e+30,5.91233e+08,2.93825e+08,0,12.1709,10.0787,0,2.70535e-08,1.97679e-07,0
5.9722e+24,-1.31848e+11,-7.06103e+10,0,13590.1,-26364.4,0,0.00523261,0.00268768,0
6.4171e+23,-1.55794e+11,1.65075e+11,0,-17677.1,-16519.6,0,0.00175321,-0.00188136,0
1.8982e+27,1.60144e+11,7.61071e+11,0,-12786.5,2689.27,0,-4.53958e-05,-0.0002149,0
