m,x,y,z,vx,vy,vz,ax,ay,az
1.98847e+30,8.69382e+08,5.7055e+08,0,12.3724,14.6978,0,-3.94801e-08,2.2365e-07,0
5.9722e+24,-3.44065e+10,1.44687e+11,0,-29234.8,-6811.02,0,0.00133077,-0.00588014,0
6.4171e+23,-1.4776e+09,-2.28376e+11,0,24031.6,-342.442,0,4.88824e-05,0.00253135,0
1.8982e+27,-1.31591e+11,7.66241e+11,0,-12876.9,-2216.5,0,3.71542e-05,-0.000216641,0
