m,x,y,z,vx,vy,vz,ax,ay,az
1.98847e+30,3.3338e+08,1.19097e+08,0,10.3311,5.61166,0,1.27828e-07,1.60919e-07,0
5.9722e+24,9.80067e+10,-1.14493e+11,0,22586.7,19132.7,0,-0.00371927,0.00451768,0
6.4171e+23,2.27891e+11,-1.43254e+10,0,1537.87,24077.6,0,-0.00254568,0.000185211,0
1.8982e+27,4.29407e+11,6.48708e+11,0,-10893.9,7211.91,0,-0.000121345,-0.000182848,0
