m,x,y,z,vx,vy,vz,ax,ay,az
1.98847e+30,1.36061e+09,1.49991e+09,0,6.81166,22.9207,0,-1.68561e-07,9.97888e-08,0
5.9722e+24,6.4914e+10,-1.35225e+11,0,26865.4,12351.7,0,-0.00237068,0.00533448,0
6.4171e+23,-2.08256e+11,-8.9061e+10,0,9363.86,-22172.1,0,0.00234574,0.000988442,0
1.8982e+27,-6.46421e+11,4.30194e+11,0,-7223.28,-10883.3,0,0.000183243,-0.000121652,0
