m,x,y,z,vx,vy,vz,ax,ay,az
1.98847e+30,1.25009e+09,1.19409e+09,0,9.17452,21.1512,0,-1.57065e-07,1.66271e-07,0
5.9722e+24,-1.10048e+11,9.99098e+10,0,-20203.5,-22086,0,0.00441709,-0.00405717,0
6.4171e+23,-1.09784e+11,1.99204e+11,0,-21202.7,-11686.3,0,0.00123851,-0.00225754,0
1.8982e+27,-5.30127e+11,5.67815e+11,0,-9540.08,-8924.86,0,0.000150219,-0.00016065,0
