m,x,y,z,vx,vy,vz,ax,ay,az
1.98847e+30,3.08894e+06,162336,0,1.16408,0.0909772,0,2.18435e-07,3.37108e-08,0
5.9722e+24,7.51019e+10,1.28113e+11,0,-25817.1,15287.8,0,-0.00313284,-0.00513718,0
6.4171e+23,1.9385e+11,1.18883e+11,0,-12628.8,20627.5,0,-0.00219964,-0.00132157,0
1.8982e+27,7.75489e+11,6.76017e+10,0,-1133.95,13008.4,0,-0.000218223,-1.87044e-05,0
