m,x,y,z,vx,vy,vz,ax,ay,az
8e+36,183040,188522,0,0.0840288,0.0878697,0,2.02034e-08,2.20922e-08,0
2e+30,4.49478e+13,4.92459e+13,0,-1.33612e+06,-351479,0,-0.0808135,-0.0883688,0
