m,x,y,z,vx,vy,vz,ax,ay,az
1.98847e+30,1.35104e+09,3.2209e+09,0,-7.07799,22.7131,0,-1.55507e-07,-1.13748e-07,0
5.9722e+24,1.39085e+11,6.03133e+10,0,-11430.1,27638.3,0,-0.00555242,-0.00218969,0
6.4171e+23,1.17312e+10,-2.25532e+11,0,23991,1004.95,0,-9.20722e-05,0.00252929,0
1.8982e+27,-6.36708e+11,-4.40939e+11,0,7442.44,-10721.7,0,0.000180403,0.000125191,0
