m,x,y,z,vx,vy,vz,ax,ay,az
1.98847e+30,2.9842e+08,1.00617e+08,0,9.8903,5.07648,0,1.26701e-07,1.49653e-07,0
5.9722e+24,4.59613e+09,-1.50739e+11,0,29532.5,603.068,0,-6.73909e-05,0.00582797,0
6.4171e+23,2.08045e+11,-9.47705e+10,0,10022.8,21906.2,0,-0.00230457,0.00107814,0
1.8982e+27,4.66331e+11,6.22732e+11,0,-10456.9,7831.58,0,-0.000131736,-0.000175471,0
