m,x,y,z,vx,vy,vz,ax,ay,az
1.98847e+30,1.42642e+09,1.76357e+09,0,4.89091,24.019,0,-1.85143e-07,9.63056e-08,0
5.9722e+24,6.87523e+10,1.34085e+11,0,-26677.3,13764.9,0,-0.00282361,-0.00531719,0
6.4171e+23,5.42008e+09,-2.27181e+11,0,24021.9,336.447,0,-2.13363e-05,0.00253123,0
1.8982e+27,-7.15447e+11,3.00988e+11,0,-5047.69,-12045.9,0,0.000202839,-8.5012e-05,0
