m,x,y,z,vx,vy,vz,ax,ay,az
1.98847e+30,1.4442e+09,2.83307e+09,0,-4.06823,24.4416,0,-2.16231e-07,-7.28913e-08,0
5.9722e+24,-1.41906e+11,-4.1337e+10,0,8266.42,-28510.4,0,0.00566708,0.00164052,0
6.4171e+23,-2.24923e+11,2.83681e+10,0,-2927.62,-23942.7,0,0.00253851,-0.00031016,0
1.8982e+27,-7.33327e+11,-2.50447e+11,0,4236.68,-12347.3,0,0.000207826,7.1301e-05,0
