m,x,y,z,vx,vy,vz,ax,ay,az
1.98847e+30,7.57022e+08,4.24473e+09,0,-12.5344,12.7642,0,4.83896e-09,-2.24714e-07,0
5.9722e+24,8.37005e+10,-1.21554e+11,0,24735.1,16199,0,-0.00313388,0.00493275,0
6.4171e+23,-6.45818e+10,-2.15162e+11,0,22973.1,-6979.63,0,0.0007448,0.00242002,0
1.8982e+27,-1.42372e+10,-7.73886e+11,0,13044.9,-261.097,0,4.53907e-06,0.000219063,0
