m,x,y,z,vx,vy,vz,ax,ay,az
1.98847e+30,5.13933e+08,4.4576e+09,0,-11.8317,8.7998,0,4.7489e-08,-1.9581e-07,0
5.9722e+24,-1.47311e+11,2.63278e+10,0,-4881.84,-29412.8,0,0.00586525,-0.000971511,0
6.4171e+23,2.22142e+11,5.67586e+10,0,-5557.08,23515.5,0,-0.00249607,-0.000565143,0
1.8982e+27,2.41041e+11,-7.35948e+11,0,12411.6,4025.08,0,-6.7357e-05,0.000208369,0
