m,x,y,z,vx,vy,vz,ax,ay,az
1.98847e+30,1.23804e+09,3.52343e+09,0,-9.27298,20.9643,0,-1.56953e-07,-1.56279e-07,0
5.9722e+24,-1.48334e+11,-1.89476e+09,0,557.13,-29748.5,0,0.00592506,0.000112482,0
6.4171e+23,2.28676e+11,-1.26378e+10,0,1698.11,24081.4,0,-0.00254449,0.000204099,0
1.8982e+27,-5.17503e+11,-5.7582e+11,0,9711.63,-8717.01,0,0.000146635,0.000163289,0
