m,x,y,z,vx,vy,vz,ax,ay,az
1.98847e+30,1.36643e+09,1.51975e+09,0,6.6665,23.0063,0,-1.67586e-07,9.85722e-08,0
5.9722e+24,8.70066e+10,-1.22434e+11,0,24398.1,16748.2,0,-0.00324102,0.00486532,0
6.4171e+23,-1.99219e+11,-1.07777e+11,0,11343.7,-21218.4,0,0.00224438,0.00119685,0
1.8982e+27,-6.52587e+11,4.20742e+11,0,-7064.12,-10987.2,0,0.000184994,-0.000118972,0
