m,x,y,z,vx,vy,vz,ax,ay,az
1.98847e+30,1.44913e+09,1.88934e+09,0,3.86695,24.4801,0,-2.09138e-07,7.85562e-08,0
5.9722e+24,-7.97519e+10,1.26277e+11,0,-25333.3,-16035.9,0,0.00319963,-0.00509376,0
6.4171e+23,1.23283e+11,-1.9179e+11,0,20376.2,12781.2,0,-0.00133029,0.00215783,0
1.8982e+27,-7.3881e+11,2.37465e+11,0,-3978.03,-12439.3,0,0.000209467,-6.69953e-05,0
