m,x,y,z,vx,vy,vz,ax,ay,az
1.98847e+30,93471.4,760.117,0,0.196673,0.00239916,0,2.27504e-07,5.55192e-09,0
5.9722e+24,1.47167e+11,2.56086e+10,0,-5108.6,29388.2,0,-0.00587436,-0.000918153,0
6.4171e+23,2.26891e+11,2.08193e+10,0,-2204.89,24038.8,0,-0.0025473,-0.000210275,0
1.8982e+27,7.78389e+11,1.12808e+10,0,-189.207,13055.7,0,-0.00021898,-2.85612e-06,0
