m,x,y,z,vx,vy,vz,ax,ay,az
1.98847e+30,6.8662e+08,3.7811e+08,0,12.3563,11.5771,0,2.26777e-08,1.93153e-07,0
5.9722e+24,6.57224e+10,-1.35642e+11,0,26735.6,12633.4,0,-0.00242865,0.00530879,0
6.4171e+23,-2.27231e+11,-2.92965e+09,0,143.022,-24117.1,0,0.00255457,1.38789e-05,0
1.8982e+27,5.96237e+10,7.75361e+11,0,-13028.1,999.504,0,-1.69786e-05,-0.000219046,0
