m,x,y,z,vx,vy,vz,ax,ay,az
1.98847e+30,5.65454e+08,4.41782e+09,0,-12.0198,9.62645,0,4.12653e-08,-1.87742e-07,0
5.9722e+24,-7.78387e+10,1.30563e+11,0,-25701.8,-15488.6,0,0.00308671,-0.00516526,0
6.4171e+23,2.22977e+11,-4.66028e+10,0,5380.33,23500.7,0,-0.00247879,0.000592233,0
1.8982e+27,1.86852e+11,-7.51417e+11,0,12670.4,3115.31,0,-5.21013e-05,0.000212721,0
