m,x,y,z,vx,vy,vz,ax,ay,az
1.98847e+30,1.43057e+09,1.78436e+09,0,4.72907,24.1015,0,-1.89127e-07,9.47329e-08,0
5.9722e+24,4.46995e+10,1.4372e+11,0,-28663.6,8960.84,0,-0.00185825,-0.00573356,0
6.4171e+23,2.61286e+10,-2.25853e+11,0,23894.5,2519.11,0,-0.000250349,0.00251905,0
1.8982e+27,-7.19725e+11,2.90546e+11,0,-4871.86,-12117.9,0,0.000204052,-8.20504e-05,0
