m,x,y,z,vx,vy,vz,ax,ay,az
1.98847e+30,7.13778e+08,4.28748e+09,0,-12.4809,12.0023,0,2.464e-08,-2.15446e-07,0
5.9722e+24,1.43696e+11,-4.10005e+10,0,8967.01,28330.7,0,-0.00559159,0.0018767,0
6.4171e+23,1.74507e+10,-2.24073e+11,0,23951.5,1665.26,0,-0.000162125,0.00252574,0
1.8982e+27,3.08466e+10,-7.73448e+11,0,13038.1,495.965,0,-8.16441e-06,0.000218933,0
