m,x,y,z,vx,vy,vz,ax,ay,az
1.98847e+30,2.50517e+07,4.68821e+09,0,-3.0993,0.560243,0,1.9119e-07,-3.94649e-08,0
5.9722e+24,-9.79158e+10,1.16515e+11,0,-22835.2,-19424.7,0,0.00387864,-0.00458728,0
6.4171e+23,2.20053e+11,6.32147e+10,0,-6207.57,23346.9,0,-0.00247961,-0.000635525,0
1.8982e+27,7.53017e+11,-1.93342e+11,0,3320.63,12625.1,0,-0.000211647,5.59892e-05,0
