m,x,y,z,vx,vy,vz,ax,ay,az
1.98847e+30,1.33216e+09,3.27938e+09,0,-7.47999,22.419,0,-1.55313e-07,-1.13557e-07,0
5.9722e+24,9.20013e+10,1.20989e+11,0,-23700.5,18406.5,0,-0.00375043,-0.00469713,0
6.4171e+23,7.27529e+10,-2.14237e+11,0,22840.1,7444.01,0,-0.000768268,0.00241263,0
1.8982e+27,-6.16798e+11,-4.68286e+11,0,7902.55,-10386.8,0,0.000174758,0.00013292,0
