m,x,y,z,vx,vy,vz,ax,ay,az
1.98847e+30,1.47986e+09,2.18934e+09,0,1.23145,24.9645,0,-2.11039e-07,5.15696e-09,0
5.9722e+24,-2.29009e+10,-1.46718e+11,0,29095.9,-5032.67,0,0.00103885,0.00573609,0
6.4171e+23,2.21037e+11,6.23388e+10,0,-6377.55,23327.7,0,-0.00247596,-0.000653928,0
1.8982e+27,-7.71211e+11,8.31413e+10,0,-1379.4,-12985,0,0.000218644,-2.32283e-05,0
