m,x,y,z,vx,vy,vz,ax,ay,az
1.98847e+30,1.45403e+09,2.7695e+09,0,-3.50276,24.6081,0,-2.19339e-07,-5.48899e-08,0
5.9722e+24,-1.444e+11,3.48757e+10,0,-6913.1,-29003.9,0,0.0057896,-0.00137982,0
6.4171e+23,-2.09218e+11,8.8722e+10,0,-9330.2,-22276.9,0,0.00236455,-0.000990438,0
1.8982e+27,-7.4363e+11,-2.1822e+11,0,3694.24,-12520.7,0,0.000210755,6.21763e-05,0
