m,x,y,z,vx,vy,vz,ax,ay,az
1.98847e+30,7.67853e+08,4.23362e+09,0,-12.5364,12.9589,0,-9.04712e-10,-2.25963e-07,0
5.9722e+24,6.13537e+10,-1.33849e+11,0,27105.9,11751.5,0,-0.00225415,0.00538302,0
6.4171e+23,-8.41609e+10,-2.08325e+11,0,22245,-9042.08,0,0.000961222,0.0023433,0
1.8982e+27,-2.55062e+10,-7.73587e+11,0,13039.8,-450.338,0,7.71489e-06,0.00021898,0
