m,x,y,z,vx,vy,vz,ax,ay,az
1.98847e+30,4.83441e+08,4.47972e+09,0,-11.6969,8.28428,0,5.69844e-08,-2.01606e-07,0
5.9722e+24,-1.39552e+11,-4.95235e+10,0,10210.2,-27868.4,0,0.00553411,0.002026,0
6.4171e+23,1.99317e+11,1.14916e+11,0,-11742.2,21153.1,0,-0.00225395,-0.00122512,0
1.8982e+27,2.72967e+11,-7.24795e+11,0,12224.9,4561.06,0,-7.6344e-05,0.000205233,0
