m,x,y,z,vx,vy,vz,ax,ay,az
1.98847e+30,7.83299e+08,4.74238e+08,0,12.4853,13.1601,0,4.75629e-09,2.15825e-07,0
5.9722e+24,1.37204e+11,6.05951e+10,0,-12018.1,27373,0,-0.0055038,-0.00231229,0
6.4171e+23,-1.52748e+11,-1.69017e+11,0,17714,-16267.6,0,0.00172077,0.00186543,0
1.8982e+27,-4.1903e+10,7.76423e+11,0,-13047.2,-707.803,0,1.17521e-05,-0.000219444,0
