m,x,y,z,vx,vy,vz,ax,ay,az
1.98847e+30,6.17756e+08,4.37452e+09,0,-12.1981,10.4369,0,4.15035e-08,-1.89587e-07,0
5.9722e+24,4.70507e+10,1.45308e+11,0,-28475.3,9580.28,0,-0.00198574,-0.0056906,0
6.4171e+23,1.78241e+11,-1.39537e+11,0,15153.6,18686.9,0,-0.00195845,0.00161612,0
1.8982e+27,1.31684e+11,-7.6292e+11,0,12862.7,2189.1,0,-3.65675e-05,0.00021596,0
