m,x,y,z,vx,vy,vz,ax,ay,az
1.98847e+30,3.75688e+08,4.54915e+09,0,-10.8934,6.35428,0,1.13643e-07,-1.95037e-07,0
5.9722e+24,9.29983e+10,-1.14225e+11,0,23374.4,18125.2,0,-0.00351788,0.00467244,0
6.4171e+23,1.17604e+10,2.31144e+11,0,-24216.7,1324.93,0,-0.000153091,-0.00257384,0
1.8982e+27,3.85176e+11,-6.72303e+11,0,11346.1,6444.83,0,-0.000107927,0.000190482,0
