m,x,y,z,vx,vy,vz,ax,ay,az
1.98847e+30,2.53481e+08,4.61309e+09,0,-9.27702,4.35294,0,1.38169e-07,-1.38997e-07,0
5.9722e+24,9.36446e+09,1.52663e+11,0,-29976.9,2096.29,0,-0.000475706,-0.00601332,0
6.4171e+23,-2.14951e+11,7.85814e+10,0,-8070,-22782,0,0.00241625,-0.000855416,0
1.8982e+27,5.13534e+11,-5.80906e+11,0,9815.23,8599.93,0,-0.00014406,0.000164815,0
