m,x,y,z,vx,vy,vz,ax,ay,az
1.98847e+30,2.91229e+07,4.17234e+06,0,3.38462,0.654223,0,1.83629e-07,5.48653e-08,0
5.9722e+24,-1.47866e+11,-2.39254e+10,0,4252.46,-29439.8,0,0.0058541,0.000844434,0
6.4171e+23,-4.00714e+10,2.23349e+11,0,-23875.1,-4155.6,0,0.000432268,-0.00254105,0
1.8982e+27,7.48998e+11,2.11643e+11,0,-3550.88,12567.5,0,-0.000210926,-5.92722e-05,0
