m,x,y,z,vx,vy,vz,ax,ay,az
1.98847e+30,3.21226e+07,4.7601e+06,0,3.54316,0.701596,0,1.83457e-07,5.4819e-08,0
5.9722e+24,-1.41822e+11,-4.88519e+10,0,9205.44,-28240.9,0,0.00560833,0.00182489,0
6.4171e+23,-6.04837e+10,2.18723e+11,0,-23390.9,-6328.35,0,0.000664468,-0.00249001,0
1.8982e+27,7.45843e+11,2.22477e+11,0,-3732.71,12514.8,0,-0.000210051,-6.23257e-05,0
