m,x,y,z,vx,vy,vz,ax,ay,az
8e+36,746104,794984,0,0.176814,0.195006,0,2.30117e-08,2.80082e-08,0
2e+30,3.83756e+13,4.68201e+13,0,-1.70726e+06,-780024,0,-0.0920469,-0.112033,0
