m,x,y,z,vx,vy,vz,ax,ay,az
1.98847e+30,8.69367e+07,4.67529e+09,0,-5.90232,1.48043,0,2.00076e-07,-1.0773e-07,0
5.9722e+24,1.32717e+11,-6.58178e+10,0,13940.3,26184.7,0,-0.00514519,0.00284832,0
6.4171e+23,8.3485e+10,-2.08507e+11,0,22394.2,8690.46,0,-0.00090093,0.00236675,0
1.8982e+27,6.8751e+11,-3.6105e+11,0,6131.58,11522.6,0,-0.000193098,0.000103092,0
