m,x,y,z,vx,vy,vz,ax,ay,az
1.98847e+30,1.39871e+09,1.64035e+09,0,5.80159,23.5117,0,-1.6843e-07,9.77686e-08,0
5.9722e+24,1.50657e+11,1.04001e+10,0,-1738.58,29773.8,0,-0.0059301,-0.000245592,0
6.4171e+23,-1.13605e+11,-1.96202e+11,0,20700.7,-12197.3,0,0.00129338,0.00217963,0
1.8982e+27,-6.86633e+11,3.62236e+11,0,-6079.02,-11560.6,0,0.00019466,-0.000102382,0
