m,x,y,z,vx,vy,vz,ax,ay,az
1.98847e+30,5.18212e+08,2.36524e+08,0,11.95,8.83674,0,5.04426e-08,2.125e-07,0
5.9722e+24,-1.11874e+11,9.77203e+10,0,-19954.2,-22318,0,0.00446147,-0.00400744,0
6.4171e+23,-2.52349e+10,2.25668e+11,0,-24085.7,-2619.29,0,0.000269105,-0.00256353,0
1.8982e+27,2.36532e+11,7.40963e+11,0,-12447.3,3972.9,0,-6.69693e-05,-0.000209131,0
