m,x,y,z,vx,vy,vz,ax,ay,az
1.98847e+30,1.44572e+09,1.86822e+09,0,4.04623,24.4105,0,-2.05459e-07,8.28845e-08,0
5.9722e+24,-5.68702e+10,1.38374e+11,0,-27742.3,-11434.2,0,0.00226909,-0.00557997,0
6.4171e+23,1.05249e+11,-2.02097e+11,0,21447.9,10872.5,0,-0.00112882,0.00226855,0
1.8982e+27,-7.35303e+11,2.4819e+11,0,-4158.62,-12380.3,0,0.000208472,-7.00371e-05,0
