m,x,y,z,vx,vy,vz,ax,ay,az
1.98847e+30,1.60023e+06,4.6922e+09,0,-0.757661,0.118955,0,2.07993e-07,-2.83105e-08,0
5.9722e+24,-3.85709e+09,-1.46165e+11,0,29509.5,-1010.27,0,0.000247689,0.00582268,0
6.4171e+23,4.97023e+09,2.31543e+11,0,-24230.8,637.123,0,-8.00483e-05,-0.00257653,0
1.8982e+27,7.77361e+11,-3.75848e+10,0,709.04,13037.1,0,-0.000218637,1.22083e-05,0
