m,x,y,z,vx,vy,vz,ax,ay,az
1.98847e+30,5.49343e+08,2.6016e+08,0,12.0623,9.38041,0,3.73931e-08,2.06784e-07,0
5.9722e+24,-1.46e+11,2.91557e+10,0,-6257.1,-29158.9,0,0.00581702,-0.00125142,0
6.4171e+23,-8.58652e+10,2.10135e+11,0,-22453.6,-9074.46,0,0.00095904,-0.00239097,0
1.8982e+27,2.04047e+11,7.50531e+11,0,-12608.6,3427.07,0,-5.77973e-05,-0.000211872,0
