m,x,y,z,vx,vy,vz,ax,ay,az
1.98847e+30,9.32822e+08,6.49741e+08,0,12.0813,15.8215,0,-7.00339e-08,2.07601e-07,0
5.9722e+24,-1.4224e+11,4.28313e+10,0,-8907.87,-28477.6,0,0.00568616,-0.00178238,0
6.4171e+23,1.1737e+11,-1.96328e+11,0,20731.8,12199.5,0,-0.00126999,0.00219372,0
1.8982e+27,-1.97749e+11,7.51808e+11,0,-12634.8,-3329.64,0,5.59037e-05,-0.000212607,0
