m,x,y,z,vx,vy,vz,ax,ay,az
1.98847e+30,1.09686e+09,3.79622e+09,0,-10.9631,18.4389,0,-8.38612e-08,-1.89944e-07,0
5.9722e+24,1.40089e+11,-5.28186e+10,0,11203,27508.2,0,-0.00541675,0.00231487,0
6.4171e+23,3.96129e+10,2.27391e+11,0,-23884.3,4224.58,0,-0.000461132,-0.00253662,0
1.8982e+27,-3.70445e+11,-6.79596e+11,0,11457.3,-6245,0,0.000105048,0.000192552,0
