m,x,y,z,vx,vy,vz,ax,ay,az
1.98847e+30,1.87989e+08,4.98899e+07,0,8.32566,3.28941,0,1.44397e-07,1.50901e-07,0
5.9722e+24,-1.03844e+11,1.06302e+11,0,-21709.6,-20645.7,0,0.0041247,-0.00436188,0
6.4171e+23,-2.91554e+10,-2.27019e+11,0,23815.6,-3201.01,0,0.00034731,0.00250796,0
1.8982e+27,5.82434e+11,5.15939e+11,0,-8661.34,9778.97,0,-0.000164359,-0.000145202,0
