m,x,y,z,vx,vy,vz,ax,ay,az
1.98847e+30,5.30146e+07,9.15743e+06,0,4.50682,0.99465,0,1.89912e-07,6.02523e-08,0
5.9722e+24,-3.28321e+10,-1.47237e+11,0,28760.6,-6735.34,0,0.0013671,0.00566834,0
6.4171e+23,-1.66536e+11,1.54525e+11,0,-16594.7,-17617.2,0,0.00186886,-0.00176553,0
1.8982e+27,7.23651e+11,2.86417e+11,0,-4806.02,12144,0,-0.000203877,-8.03548e-05,0
