m,x,y,z,vx,vy,vz,ax,ay,az
1.98847e+30,1.26569e+09,1.23089e+09,0,8.89574,21.43,0,-1.64867e-07,1.56673e-07,0
5.9722e+24,-1.37324e+11,5.63439e+10,0,-11492.5,-27555.7,0,0.00550632,-0.00230071,0
6.4171e+23,-1.44248e+11,1.75615e+11,0,-18700.2,-15355.3,0,0.00162989,-0.00199036,0
1.8982e+27,-5.46374e+11,5.52144e+11,0,-9276.3,-9198.46,0,0.000154832,-0.000156212,0
