m,x,y,z,vx,vy,vz,ax,ay,az
1.98847e+30,3.69862e+08,1.3951e+08,0,10.7676,6.19644,0,1.2371e-07,1.77717e-07,0
5.9722e+24,1.47708e+11,-2.70839e+10,0,5417.16,29248.9,0,-0.00579232,0.00117352,0
6.4171e+23,2.17648e+11,6.80235e+10,0,-7190.94,23069.1,0,-0.00245131,-0.000740995,0
1.8982e+27,3.91038e+11,6.72498e+11,0,-11294.3,6567.83,0,-0.00011054,-0.000189611,0
