m,x,y,z,vx,vy,vz,ax,ay,az
1.98847e+30,9.01293e+08,6.09417e+08,0,12.2468,15.2704,0,-5.6497e-08,2.17523e-07,0
5.9722e+24,-1.01941e+11,1.08001e+11,0,-21933.9,-20394,0,0.0040764,-0.00440763,0
6.4171e+23,6.01344e+10,-2.2052e+11,0,23240.5,6152.42,0,-0.000633062,0.00245211,0
1.8982e+27,-1.64827e+11,7.59746e+11,0,-12768,-2775.69,0,4.65724e-05,-0.000214829,0
