m,x,y,z,vx,vy,vz,ax,ay,az
1.98847e+30,1.40622e+09,3.02042e+09,0,-5.63837,23.7027,0,-1.8426e-07,-1.10886e-07,0
5.9722e+24,3.94639e+10,-1.4296e+11,0,28621.1,7296.47,0,-0.00137556,0.00566644,0
6.4171e+23,-1.72126e+11,-1.45791e+11,0,15508.2,-18367.4,0,0.00194256,0.00163558,0
1.8982e+27,-6.94136e+11,-3.44001e+11,0,5811.22,-11687.9,0,0.000196694,9.7778e-05,0
