m,x,y,z,vx,vy,vz,ax,ay,az
1.98847e+30,6.5362e+07,1.19538e+07,0,5.00606,1.16111,0,1.95067e-07,6.86113e-08,0
5.9722e+24,4.28489e+10,-1.44642e+11,0,28380.4,8207.97,0,-0.00155903,0.00561968,0
6.4171e+23,-2.02513e+11,1.03412e+11,0,-11172.3,-21443,0,0.00227461,-0.00118737,0
1.8982e+27,7.1049e+11,3.17604e+11,0,-5329.64,11923.9,0,-0.000200207,-8.91536e-05,0
