m,x,y,z,vx,vy,vz,ax,ay,az
1.98847e+30,4.18389e+06,255540,0,1.35134,0.12228,0,2.15302e-07,3.82147e-08,0
5.9722e+24,5.16605e+10,1.39129e+11,0,-28084.5,10612.4,0,-0.00219527,-0.00561079,0
6.4171e+23,1.82056e+11,1.36129e+11,0,-14469.2,19391,0,-0.00207048,-0.001519,0
1.8982e+27,7.7442e+11,7.88328e+10,0,-1322.36,12990.7,0,-0.000217934,-2.18656e-05,0
