m,x,y,z,vx,vy,vz,ax,ay,az
1.98847e+30,2.69708e+08,4.60537e+09,0,-9.51714,4.59726,0,1.3971e-07,-1.44385e-07,0
5.9722e+24,5.96059e+10,1.40658e+11,0,-27461.9,12151.7,0,-0.0025039,-0.00547831,0
6.4171e+23,-1.97652e+11,1.16549e+11,0,-12097.9,-20946.9,0,0.00222277,-0.00128433,0
1.8982e+27,4.96371e+11,-5.95531e+11,0,10060.2,8311.74,0,-0.000139227,0.000168922,0
