m,x,y,z,vx,vy,vz,ax,ay,az
1.98847e+30,2.86353e+08,4.59722e+09,0,-9.75916,4.85248,0,1.40202e-07,-1.5165e-07,0
5.9722e+24,1.02734e+11,1.12333e+11,0,-21670.4,20718.8,0,-0.00421193,-0.00427789,0
6.4171e+23,-1.73701e+11,1.50754e+11,0,-15727.9,-18402.7,0,0.00195301,-0.00167153,0
1.8982e+27,4.78792e+11,-6.09652e+11,0,10296.8,8016.57,0,-0.000134278,0.000172887,0
