m,x,y,z,vx,vy,vz,ax,ay,az
1.98847e+30,1.32963e+09,1.40183e+09,0,7.552,22.4666,0,-1.74111e-07,1.12636e-07,0
5.9722e+24,-5.88724e+10,-1.36861e+11,0,26957.8,-12095.3,0,0.00242024,0.00531135,0
6.4171e+23,-2.26269e+11,1.252e+10,0,-1392.06,-24074.3,0,0.00255163,-0.000147817,0
1.8982e+27,-6.13568e+11,4.76059e+11,0,-7995.48,-10330,0,0.000173914,-0.000134654,0
