m,x,y,z,vx,vy,vz,ax,ay,az
1.98847e+30,1.20086e+08,4.66607e+09,0,-6.88199,2.10857,0,1.75774e-07,-1.32325e-07,0
5.9722e+24,9.82314e+09,-1.45925e+11,0,29474.1,1669.23,0,-0.000276129,0.00582133,0
6.4171e+23,-3.88298e+10,-2.20966e+11,0,23640.9,-4211.13,0,0.000453483,0.00249056,0
1.8982e+27,6.53212e+11,-4.1935e+11,0,7108.54,10946.1,0,-0.000183417,0.00011946,0
