m,x,y,z,vx,vy,vz,ax,ay,az
1.98847e+30,6.81527e+08,4.31785e+09,0,-12.4025,11.4566,0,3.46844e-08,-2.05807e-07,0
5.9722e+24,1.46759e+11,3.52932e+10,0,-6195.83,29202.8,0,-0.00584122,-0.00113381,0
6.4171e+23,7.81294e+10,-2.11102e+11,0,22622.2,8069.99,0,-0.000835154,0.00239043,0
1.8982e+27,6.46012e+10,-7.71403e+11,0,13004.2,1062.75,0,-1.76736e-05,0.000218353,0
