m,x,y,z,vx,vy,vz,ax,ay,az
1.98847e+30,2.81509e+08,9.20552e+07,0,9.67229,4.82056,0,1.25602e-07,1.46702e-07,0
5.9722e+24,-4.56965e+10,-1.43572e+11,0,28043.2,-9311.87,0,0.0018719,0.00552502,0
6.4171e+23,1.87549e+11,-1.30921e+11,0,13821.5,19710.7,0,-0.00206837,0.00147548,0
1.8982e+27,4.84211e+11,6.08952e+11,0,-10225.2,8131.6,0,-0.000136765,-0.00017156,0
