m,x,y,z,vx,vy,vz,ax,ay,az
1.98847e+30,5.75853e+08,4.40944e+09,0,-12.0553,9.78838,0,4.11255e-08,-1.8712e-07,0
5.9722e+24,-5.46777e+10,1.42165e+11,0,-28008.6,-10833,0,0.00214496,-0.00563061,0
6.4171e+23,2.17501e+11,-6.66883e+10,0,7497.72,22901.9,0,-0.00241261,0.000814901,0
1.8982e+27,1.75887e+11,-7.54037e+11,0,12714.2,2931.23,0,-4.90142e-05,0.000213459,0
