m,x,y,z,vx,vy,vz,ax,ay,az
1.98847e+30,9.58827e+08,4.00574e+09,0,-11.8306,16.239,0,-6.9823e-08,-1.83571e-07,0
5.9722e+24,-6.68663e+10,1.36084e+11,0,-26881.6,-13354,0,0.00265651,-0.00540352,0
6.4171e+23,-2.03774e+11,1.03137e+11,0,-10739.1,-21653.1,0,0.00229838,-0.00113921,0
1.8982e+27,-2.25119e+11,-7.40471e+11,0,12481.4,-3803.11,0,6.40085e-05,0.000209686,0
