m,x,y,z,vx,vy,vz,ax,ay,az
1.98847e+30,1.42213e+09,1.74285e+09,0,5.0494,23.9353,0,-1.81391e-07,9.73808e-08,0
5.9722e+24,9.07721e+10,1.20454e+11,0,-23890.2,18145,0,-0.00369806,-0.00473869,0
6.4171e+23,-1.53214e+10,-2.26622e+11,0,23951.1,-1848.74,0,0.000207839,0.00252283,0
1.8982e+27,-7.11018e+11,3.11367e+11,0,-5222.46,-11971.3,0,0.000201582,-8.79556e-05,0
