m,x,y,z,vx,vy,vz,ax,ay,az
1.98847e+30,6.54667e+08,3.48727e+08,0,12.2968,11.0801,0,2.3139e-08,1.90945e-07,0
5.9722e+24,-8.61786e+09,-1.50265e+11,0,29468.5,-2068.22,0,0.000456482,0.00581082,0
6.4171e+23,-2.19343e+11,5.89199e+10,0,-6412.1,-23277.8,0,0.00246858,-0.000681307,0
1.8982e+27,9.33278e+10,7.7206e+11,0,-12972.2,1566.15,0,-2.65101e-05,-0.000218078,0
