m,x,y,z,vx,vy,vz,ax,ay,az
1.98847e+30,1.34134e+08,3.06475e+07,0,7.19925,2.28567,0,1.82015e-07,1.33418e-07,0
5.9722e+24,8.68184e+10,1.20684e+11,0,-24284.9,17593.3,0,-0.00359225,-0.00482045,0
6.4171e+23,-1.72298e+11,-1.50035e+11,0,15656.3,-18274.8,0,0.00193124,0.0016501,0
1.8982e+27,6.38299e+11,4.45071e+11,0,-7470.5,10715.2,0,-0.000180021,-0.000125155,0
