m,x,y,z,vx,vy,vz,ax,ay,az
1.98847e+30,1.2954e+09,1.30587e+09,0,8.30735,21.9342,0,-1.73915e-07,1.35566e-07,0
5.9722e+24,-1.41577e+11,-4.44298e+10,0,8589.55,-28418,0,0.00564803,0.0017023,0
6.4171e+23,-1.97471e+11,1.11796e+11,0,-11923.9,-21016.3,0,0.00223133,-0.00126721,0
1.8982e+27,-5.77466e+11,5.19417e+11,0,-8725.41,-9722.06,0,0.000163661,-0.000146941,0
