m,x,y,z,vx,vy,vz,ax,ay,az
1.98847e+30,1.47769e+09,2.53402e+09,0,-1.49389,24.8771,0,-1.9835e-07,-1.06327e-08,0
5.9722e+24,8.08126e+10,1.28088e+11,0,-25296.4,16157.6,0,-0.00330193,-0.00502881,0
6.4171e+23,-3.7003e+10,2.2616e+11,0,-23910.1,-3957.26,0,0.000413486,-0.00254426,0
1.8982e+27,-7.69182e+11,-9.69393e+10,0,1652.6,-12950.8,0,0.000218032,2.78203e-05,0
