m,x,y,z,vx,vy,vz,ax,ay,az
1.98847e+30,1.31633e+09,1.36317e+09,0,7.85394,22.2654,0,-1.7521e-07,1.20849e-07,0
5.9722e+24,-1.01285e+11,-1.0883e+11,0,21376.7,-20455.3,0,0.00406233,0.00421727,0
6.4171e+23,-2.20263e+11,5.37125e+10,0,-5759.74,-23437,0,0.00248609,-0.000611249,0
1.8982e+27,-5.99507e+11,4.93717e+11,0,-8292.75,-10093.2,0,0.00016992,-0.000139658,0
