m,x,y,z,vx,vy,vz,ax,ay,az
1.98847e+30,5.55086e+08,4.42606e+09,0,-11.9839,9.46377,0,4.16862e-08,-1.8879e-07,0
5.9722e+24,-9.86352e+10,1.15157e+11,0,-22626.5,-19666.2,0,0.00392914,-0.00454322,0
6.4171e+23,2.266e+11,-2.60923e+10,0,3215.44,23904.3,0,-0.00252454,0.000364102,0
1.8982e+27,1.97777e+11,-7.48638e+11,0,12623.9,3298.74,0,-5.51772e-05,0.000211939,0
