m,x,y,z,vx,vy,vz,ax,ay,az
1.98847e+30,2.33022e+08,6.89927e+07,0,9.0218,4.06398,0,1.27302e-07,1.47079e-07,0
5.9722e+24,-1.45369e+11,-3.56575e+10,0,6603.25,-28980.2,0,0.00575961,0.00130913,0
6.4171e+23,9.26068e+10,-2.09356e+11,0,22020.9,9638.79,0,-0.00100113,0.00232695,0
1.8982e+27,5.35349e+11,5.64583e+11,0,-9479.06,8989.44,0,-0.000151139,-0.000158979,0
