m,x,y,z,vx,vy,vz,ax,ay,az
1.98847e+30,1.40847e+09,1.68113e+09,0,5.50734,23.6811,0,-1.72266e-07,9.82789e-08,0
5.9722e+24,1.38492e+11,6.02964e+10,0,-11722.2,27513,0,-0.00552846,-0.00225136,0
6.4171e+23,-7.60408e+10,-2.13739e+11,0,22564.1,-8242.43,0,0.00087829,0.00237553,0
1.8982e+27,-6.96831e+11,3.42102e+11,0,-5739.99,-11732.3,0,0.000197555,-9.66724e-05,0
