m,x,y,z,vx,vy,vz,ax,ay,az
1.98847e+30,7.35376e+08,4.26643e+09,0,-12.5162,12.3792,0,1.55024e-08,-2.2083e-07,0
5.9722e+24,1.2062e+11,-8.65137e+10,0,17912.7,23605.9,0,-0.00461685,0.00362102,0
6.4171e+23,-2.39724e+10,-2.23364e+11,0,23855.3,-2701.2,0,0.000296008,0.00251374,0
1.8982e+27,8.30788e+09,-7.73994e+11,0,13047,117.494,0,-1.81396e-06,0.00021909,0
