m,x,y,z,vx,vy,vz,ax,ay,az
1.98847e+30,5.11061e+07,4.68329e+09,0,-4.47574,0.894158,0,2.06785e-07,-6.2974e-08,0
5.9722e+24,9.33364e+10,1.20358e+11,0,-23281.2,18902.1,0,-0.00385279,-0.00461102,0
6.4171e+23,2.0359e+11,-9.89705e+10,0,10933.6,21452.9,0,-0.00225563,0.00117476,0
1.8982e+27,7.25128e+11,-2.79099e+11,0,4758.14,12155.4,0,-0.000203735,8.0079e-05,0
