m,x,y,z,vx,vy,vz,ax,ay,az
1.98847e+30,4.97638e+08,2.21556e+08,0,11.8541,8.46766,0,6.12515e-08,2.14459e-07,0
5.9722e+24,-7.17041e+10,1.29985e+11,0,-26396.1,-14242.7,0,0.00283452,-0.00530997,0
6.4171e+23,1.65649e+10,2.26545e+11,0,-24160.8,1828,0,-0.000206129,-0.00256936,0
1.8982e+27,2.57943e+11,7.33802e+11,0,-12326.6,4332.62,0,-7.30128e-05,-0.000207083,0
