m,x,y,z,vx,vy,vz,ax,ay,az
1.98847e+30,2.24522e+07,4.68868e+09,0,-2.93482,0.526529,0,1.89743e-07,-3.87109e-08,0
5.9722e+24,-1.15929e+11,9.79668e+10,0,-19129.4,-23040.9,0,0.00460472,-0.003838,0
6.4171e+23,2.13682e+11,8.30884e+10,0,-8319.75,22690.5,0,-0.00241293,-0.000860625,0
1.8982e+27,7.55799e+11,-1.82411e+11,0,3137.39,12672,0,-0.000212439,5.29181e-05,0
