m,x,y,z,vx,vy,vz,ax,ay,az
1.98847e+30,6.0176e+08,3.02613e+08,0,12.1936,10.2486,0,2.56472e-08,1.95716e-07,0
5.9722e+24,-1.18042e+11,-9.21442e+10,0,17862.9,-23636.4,0,0.00468939,0.00352747,0
6.4171e+23,-1.7032e+11,1.50057e+11,0,-16083,-18065.3,0,0.00191759,-0.00171123,0
1.8982e+27,1.49079e+11,7.63307e+11,0,-12824.2,2503.29,0,-4.22691e-05,-0.000215543,0
