m,x,y,z,vx,vy,vz,ax,ay,az
1.98847e+30,3.29784e+08,4.57481e+09,0,-10.355,5.55457,0,1.33327e-07,-1.74407e-07,0
5.9722e+24,1.49767e+11,-3.64242e+09,0,1624.25,29732.5,0,-0.00590783,0.00042657,0
6.4171e+23,-9.04095e+10,2.12598e+11,0,-22284.4,-9543.18,0,0.00100845,-0.00237133,0
1.8982e+27,4.33119e+11,-6.42675e+11,0,10849.9,7249.73,0,-0.000121421,0.00018216,0
