m,x,y,z,vx,vy,vz,ax,ay,az
1.98847e+30,1.45978e+09,2.72691e+09,0,-3.12406,24.6932,0,-2.18564e-07,-4.31735e-08,0
5.9722e+24,-1.24501e+11,8.22012e+10,0,-16370,-25022.8,0,0.00500483,-0.00328086,0
6.4171e+23,-1.89825e+11,1.2563e+11,0,-13248.7,-20217.2,0,0.00214699,-0.00140784,0
1.8982e+27,-7.49714e+11,-1.96499e+11,0,3328.61,-12623.1,0,0.000212486,5.6025e-05,0
