m,x,y,z,vx,vy,vz,ax,ay,az
1.98847e+30,3.47864e+08,4.56496e+09,0,-10.5804,5.86351,0,1.26835e-07,-1.83495e-07,0
5.9722e+24,1.38727e+11,-5.35654e+10,0,11502.7,27368.9,0,-0.00539003,0.00237317,0
6.4171e+23,-5.06609e+10,2.25654e+11,0,-23659.9,-5313.61,0,0.000556399,-0.00251732,0
1.8982e+27,4.14201e+11,-6.54943e+11,0,11055.3,6932.11,0,-0.000116096,0.000185606,0
