m,x,y,z,vx,vy,vz,ax,ay,az
1.98847e+30,1.37768e+09,1.55966e+09,0,6.37818,23.1753,0,-1.66361e-07,9.72968e-08,0
5.9722e+24,1.2319e+11,-8.65702e+10,0,17414.1,24008,0,-0.00469642,0.00352117,0
6.4171e+23,-1.76236e+11,-1.42339e+11,0,14999.3,-18794.8,0,0.00198789,0.00158112,0
1.8982e+27,-6.64502e+11,4.01572e+11,0,-6741.36,-11187.8,0,0.000188377,-0.000113537,0
