m,x,y,z,vx,vy,vz,ax,ay,az
1.98847e+30,9.53585e+08,6.77402e+08,0,11.9541,16.1733,0,-7.64966e-08,1.99974e-07,0
5.9722e+24,-1.48489e+11,-8.01698e+09,0,1230.44,-29728.7,0,0.00591934,0.000242637,0
6.4171e+23,1.50981e+11,-1.71951e+11,0,18188.7,15760.9,0,-0.00164681,0.00193009,0
1.8982e+27,-2.1949e+11,7.45722e+11,0,-12532.6,-3695.51,0,6.20675e-05,-0.0002109,0
