m,x,y,z,vx,vy,vz,ax,ay,az
1.98847e+30,280325,4.69247e+09,0,-0.0181881,0.0462634,0,2.19189e-07,-1.29054e-08,0
5.9722e+24,9.13371e+10,-1.15085e+11,0,23579.5,17861.9,0,-0.00346658,0.00471002,0
6.4171e+23,-7.72324e+10,2.18103e+11,0,-22836.2,-8109.77,0,0.0008546,-0.00243089,0
1.8982e+27,7.78472e+11,7.51907e+09,0,-47.4139,13056.8,0,-0.000218995,-4.77935e-07,0
