m,x,y,z,vx,vy,vz,ax,ay,az
1.98847e+30,1.48236e+09,2.42646e+09,0,-0.65516,24.9159,0,-1.91574e-07,-8.39783e-09,0
5.9722e+24,1.49447e+11,2.31669e+10,0,-4136.74,29559,0,-0.00589934,-0.000723428,0
6.4171e+23,6.66062e+10,2.19821e+11,0,-23193.2,7056.73,0,-0.000762376,-0.00246163,0
1.8982e+27,-7.74322e+11,-4.07837e+10,0,707.172,-13037.4,0,0.000219503,1.19055e-05,0
