m,x,y,z,vx,vy,vz,ax,ay,az
1.98847e+30,9.74169e+07,4.67258e+09,0,-6.24266,1.67496,0,1.93207e-07,-1.17675e-07,0
5.9722e+24,1.01811e+11,-1.06324e+11,0,21866.2,19940.2,0,-0.00388097,0.00438249,0
6.4171e+23,4.36955e+10,-2.20106e+11,0,23591.5,4488.66,0,-0.000459176,0.00248936,0
1.8982e+27,6.76642e+11,-3.80812e+11,0,6462.76,11339.9,0,-0.00019003,0.000108641,0
