m,x,y,z,vx,vy,vz,ax,ay,az
1.98847e+30,1.36888e+09,3.16166e+09,0,-6.67039,23.0097,0,-1.59873e-07,-1.15202e-07,0
5.9722e+24,1.49961e+11,-1.54156e+10,0,3684.95,29547.9,0,-0.00585752,0.000834576,0
6.4171e+23,-5.00585e+10,-2.19943e+11,0,23370.4,-5506.13,0,0.000590734,0.00246177,0
1.8982e+27,-6.55408e+11,-4.1275e+11,0,6968.11,-11036.3,0,0.000185705,0.000117222,0
