m,x,y,z,vx,vy,vz,ax,ay,az
1.98847e+30,6.22869e+08,3.20628e+08,0,12.2362,10.5838,0,2.39359e-08,1.92662e-07,0
5.9722e+24,-8.05998e+10,-1.26619e+11,0,24708.1,-16251.9,0,0.00323312,0.00486917,0
6.4171e+23,-1.94936e+11,1.1637e+11,0,-12507.3,-20683.6,0,0.00219529,-0.00132989,0
1.8982e+27,1.26856e+11,7.67294e+11,0,-12891.6,2129.76,0,-3.59886e-05,-0.000216695,0
