m,x,y,z,vx,vy,vz,ax,ay,az
1.98847e+30,1.47258e+09,2.0816e+09,0,2.16668,24.8975,0,-2.2087e-07,2.80008e-08,0
5.9722e+24,-1.25838e+11,-7.78195e+10,0,15363.1,-25333.6,0,0.00502918,0.00303839,0
6.4171e+23,2.25479e+11,-4.10331e+10,0,4560.74,23700.2,0,-0.00249983,0.000504857,0
1.8982e+27,-7.63259e+11,1.38978e+11,0,-2319.6,-12851.1,0,0.000216395,-3.90625e-05,0
