m,x,y,z,vx,vy,vz,ax,ay,az
1.98847e+30,3.606e+08,1.34216e+08,0,10.66,6.04466,0,1.2544e-07,1.73192e-07,0
5.9722e+24,1.41104e+11,-5.18731e+10,0,10316.6,27856.3,0,-0.00549218,0.00213711,0
6.4171e+23,2.23032e+11,4.78633e+10,0,-5049.94,23621,0,-0.0025068,-0.00051309,0
1.8982e+27,4.00759e+11,6.6676e+11,0,-11197.7,6731.02,0,-0.000113278,-0.000187979,0
