m,x,y,z,vx,vy,vz,ax,ay,az
8e+36,2.02483e+06,1.27802e+07,0,-1.96028,-0.662224,0,5.5717e-07,-4.88702e-08,0
2e+30,1.59807e+13,-1.12097e+12,0,6.84113e+06,2.6489e+06,0,-2.22868,0.195481,0
