m,x,y,z,vx,vy,vz,ax,ay,az
1.98847e+30,1.08735e+09,3.81207e+09,0,-11.0338,18.2755,0,-8.02606e-08,-1.88503e-07,0
5.9722e+24,1.47484e+11,-2.82552e+10,0,6354.06,29060.1,0,-0.00574802,0.00136253,0
6.4171e+23,1.88261e+10,2.29994e+11,0,-24170.9,2016.17,0,-0.000225364,-0.00256862,0
1.8982e+27,-3.60503e+11,-6.84913e+11,0,11546.7,-6077.93,0,0.000102238,0.000194049,0
