m,x,y,z,vx,vy,vz,ax,ay,az
1.98847e+30,3.689e+07,4.68604e+09,0,-3.77312,0.707062,0,1.99359e-07,-4.70331e-08,0
5.9722e+24,-2.99483e+09,1.52986e+11,0,-30042.1,-344.996,0,1.79073e-05,-0.00603209,0
6.4171e+23,2.26806e+11,-1.94688e+10,0,2552.43,23982.5,0,-0.00253435,0.000293282,0
1.8982e+27,7.40315e+11,-2.36626e+11,0,4046.21,12411.1,0,-0.000208039,6.8149e-05,0
