m,x,y,z,vx,vy,vz,ax,ay,az
1.98847e+30,4.54948e+07,7.52254e+06,0,4.18136,0.893478,0,1.86713e-07,5.6971e-08,0
5.9722e+24,-7.97933e+10,-1.27816e+11,0,24875,-15989.9,0,0.00317965,0.00490354,0
6.4171e+23,-1.35353e+11,1.82322e+11,0,-19542.6,-14298.8,0,0.0015155,-0.00208015,0
1.8982e+27,7.31665e+11,2.6532e+11,0,-4451.87,12277.9,0,-0.000206109,-7.44048e-05,0
