m,x,y,z,vx,vy,vz,ax,ay,az
1.98847e+30,1.78461e+08,4.64558e+09,0,-8.09857,3.17967,0,1.40383e-07,-1.37846e-07,0
5.9722e+24,-1.48743e+11,-1.11503e+10,0,2622.05,-29638,0,0.00589639,0.000523119,0
6.4171e+23,-1.90602e+11,-1.21105e+11,0,13067.4,-20206.4,0,0.00213533,0.00137962,0
1.8982e+27,5.92612e+11,-5.00667e+11,0,8471.03,9927.96,0,-0.000166333,0.000142289,0
