m,x,y,z,vx,vy,vz,ax,ay,az
1.98847e+30,1.13858e+09,9.67667e+08,0,10.5663,19.1245,0,-9.37578e-08,1.80571e-07,0
5.9722e+24,1.48856e+11,2.33395e+10,0,-4450.6,29507.4,0,-0.00589164,-0.000788465,0
6.4171e+23,1.45409e+11,1.76412e+11,0,-18665.8,15428.9,0,-0.0016521,-0.00197145,0
1.8982e+27,-4.14221e+11,6.57451e+11,0,-11048.5,-6973.26,0,0.000117312,-0.000186011,0
