m,x,y,z,vx,vy,vz,ax,ay,az
1.98847e+30,5.70242e+08,2.76691e+08,0,12.121,9.73355,0,3.12193e-08,2.02142e-07,0
5.9722e+24,-1.4757e+11,-2.20248e+10,0,3937.8,-29477.1,0,0.00586364,0.00078026,0
6.4171e+23,-1.22914e+11,1.90821e+11,0,-20408.4,-13019.5,0,0.00138022,-0.00217292,0
1.8982e+27,1.82172e+11,7.5612e+11,0,-12702.9,3059.48,0,-5.1619e-05,-0.000213476,0
