m,x,y,z,vx,vy,vz,ax,ay,az
1.98847e+30,4.33525e+08,4.51357e+09,0,-11.4006,7.40063,0,8.10019e-08,-2.05767e-07,0
5.9722e+24,-5.17155e+10,-1.37016e+11,0,27591.3,-10522.9,0,0.00210965,0.00543927,0
6.4171e+23,1.29352e+11,1.91452e+11,0,-19924.1,13794.3,0,-0.00148051,-0.00210524,0
1.8982e+27,3.25004e+11,-7.03158e+11,0,11862.7,5434.64,0,-9.09909e-05,0.000199151,0
