m,x,y,z,vx,vy,vz,ax,ay,az
1.98847e+30,4.63323e+08,4.49372e+09,0,-11.5908,7.93316,0,6.56051e-08,-2.04429e-07,0
5.9722e+24,-1.13741e+11,-9.34693e+10,0,18930.5,-22759.3,0,0.0045149,0.00374117,0
6.4171e+23,1.75632e+11,1.49315e+11,0,-15412.6,18672.2,0,-0.0019949,-0.00161881,0
1.8982e+27,2.93969e+11,-7.16594e+11,0,12087.7,4913.63,0,-8.22555e-05,0.000202927,0
