m,x,y,z,vx,vy,vz,ax,ay,az
1.98847e+30,620523,4.69237e+09,0,-0.392789,0.0759021,0,2.13947e-07,-2.1537e-08,0
5.9722e+24,4.63946e+10,-1.38834e+11,0,28159.8,8923.88,0,-0.00169957,0.00557946,0
6.4171e+23,-3.67528e+10,2.28609e+11,0,-23938.1,-3801.32,0,0.000394169,-0.00254733,0
1.8982e+27,7.78243e+11,-1.50411e+10,0,330.964,13052.5,0,-0.000218907,5.86803e-06,0
