m,x,y,z,vx,vy,vz,ax,ay,az
1.98847e+30,1.38481e+08,4.66017e+09,0,-7.32001,2.45963,0,1.61829e-07,-1.37981e-07,0
5.9722e+24,-6.45049e+10,-1.31568e+11,0,26535.1,-12990.4,0,0.00259183,0.0052309,0
6.4171e+23,-9.79603e+10,-2.02131e+11,0,21634.9,-10439.8,0,0.00110683,0.00227907,0
1.8982e+27,6.34196e+11,-4.47326e+11,0,7577.31,10626.6,0,-0.000178054,0.000127315,0
