m,x,y,z,vx,vy,vz,ax,ay,az
1.98847e+30,1.47872e+09,2.16777e+09,0,1.41477,24.9586,0,-2.13543e-07,8.87682e-09,0
5.9722e+24,-4.76045e+10,-1.40462e+11,0,27825.2,-9901.69,0,0.00199113,0.0054833,0
6.4171e+23,2.25711e+11,4.19845e+10,0,-4218.38,23803.6,0,-0.00252337,-0.000424235,0
1.8982e+27,-7.69946e+11,9.43523e+10,0,-1568.17,-12963.7,0,0.000218287,-2.64074e-05,0
