m,x,y,z,vx,vy,vz,ax,ay,az
1.98847e+30,4.47075e+08,1.86934e+08,0,11.5265,7.54619,0,9.10562e-08,2.09557e-07,0
5.9722e+24,5.36486e+10,1.38736e+11,0,-27955.1,10929.2,0,-0.00225753,-0.00558545,0
6.4171e+23,1.15653e+11,1.95824e+11,0,-20836.1,12346.5,0,-0.00132672,-0.00220602,0
1.8982e+27,3.10483e+11,7.13208e+11,0,-11979.7,5215.16,0,-8.78352e-05,-0.000201204,0
