m,x,y,z,vx,vy,vz,ax,ay,az
1.98847e+30,1.01446e+09,7.63872e+08,0,11.5304,17.1532,0,-8.43188e-08,1.79823e-07,0
5.9722e+24,-6.99228e+10,-1.32258e+11,0,25917.3,-14216.9,0,0.00283507,0.0051063,0
6.4171e+23,2.1844e+11,-6.86986e+10,0,7351.51,22967.7,0,-0.00241929,0.000797393,0
1.8982e+27,-2.83525e+11,7.23711e+11,0,-12162.7,-4773.19,0,8.02267e-05,-0.00020471,0
