m,x,y,z,vx,vy,vz,ax,ay,az
1.98847e+30,2.29911e+08,4.6239e+09,0,-8.92249,3.99924,0,1.35601e-07,-1.34835e-07,0
5.9722e+24,-6.61081e+10,1.37446e+11,0,-27026.7,-13068.5,0,0.00259621,-0.00543347,0
6.4171e+23,-2.27258e+11,1.74004e+10,0,-1584.99,-24084.4,0,0.00255137,-0.000166805,0
1.8982e+27,5.38467e+11,-5.5805e+11,0,9432.37,9018.6,0,-0.00015108,0.000158399,0
