m,x,y,z,vx,vy,vz,ax,ay,az
1.98847e+30,3.51432e+08,1.29051e+08,0,10.5511,5.89673,0,1.26671e-07,1.68837e-07,0
5.9722e+24,1.30383e+11,-7.51409e+10,0,14895.1,25656.4,0,-0.00503591,0.00303112,0
6.4171e+23,2.26549e+11,2.7303e+10,0,-2869.2,23974.4,0,-0.00254112,-0.000281444,0
1.8982e+27,4.10395e+11,6.60881e+11,0,-11098.8,6892.79,0,-0.000115992,-0.000186307,0
