m,x,y,z,vx,vy,vz,ax,ay,az
1.98847e+30,1.45548e+09,1.93176e+09,0,3.49965,24.607,0,-2.15378e-07,6.85533e-08,0
5.9722e+24,-1.17565e+11,9.13214e+10,0,-18345,-23631.9,0,0.00472718,-0.00368071,0
6.4171e+23,1.56189e+11,-1.66469e+11,0,17735.2,16271.2,0,-0.00169986,0.001884,0
1.8982e+27,-7.45355e+11,2.15869e+11,0,-3614.36,-12549.6,0,0.000211323,-6.08699e-05,0
