m,x,y,z,vx,vy,vz,ax,ay,az
1.98847e+30,1.1109e+09,9.18678e+08,0,10.7999,18.6621,0,-8.70178e-08,1.76146e-07,0
5.9722e+24,1.41286e+11,-5.26248e+10,0,10620.9,27752.9,0,-0.00546811,0.00219661,0
6.4171e+23,1.87911e+11,1.30517e+11,0,-13761.7,19905.8,0,-0.00212292,-0.00144388,0
1.8982e+27,-3.85211e+11,6.74916e+11,0,-11342.3,-6484.86,0,0.000109078,-0.000190946,0
