m,x,y,z,vx,vy,vz,ax,ay,az
1.98847e+30,1.2175e+09,1.12198e+09,0,9.68436,20.5507,0,-1.36679e-07,1.80221e-07,0
5.9722e+24,-2.05146e+10,1.4787e+11,0,-29746.1,-4082.56,0,0.000778769,-0.00598013,0
6.4171e+23,-3.08953e+10,2.25741e+11,0,-24003.2,-3286.91,0,0.000340988,-0.00255494,0
1.8982e+27,-4.96299e+11,5.97708e+11,0,-10043.2,-8355.24,0,0.000140613,-0.000169113,0
