m,x,y,z,vx,vy,vz,ax,ay,az
1.98847e+30,2.77939e+07,4.68771e+09,0,-3.26515,0.594758,0,1.92958e-07,-4.06199e-08,0
5.9722e+24,-7.69565e+10,1.31698e+11,0,-25864,-15212.6,0,0.00302901,-0.00519978,0
6.4171e+23,2.24579e+11,4.285e+10,0,-4045.92,23806.9,0,-0.00252528,-0.000405621,0
1.8982e+27,7.50077e+11,-2.04231e+11,0,3503.17,12575.5,0,-0.000210811,5.90485e-05,0
