m,x,y,z,vx,vy,vz,ax,ay,az
1.98847e+30,5.69868e+07,1.00419e+07,0,4.67173,1.04778,0,1.9166e-07,6.257e-08,0
5.9722e+24,-7.5807e+09,-1.50699e+11,0,29480.8,-1756.63,0,0.000393499,0.00581505,0
6.4171e+23,-1.80081e+11,1.38607e+11,0,-14906.1,-19058,0,0.00202195,-0.00158536,0
1.8982e+27,7.19415e+11,2.96876e+11,0,-4981.61,12073.1,0,-0.000202696,-8.33051e-05,0
