m,x,y,z,vx,vy,vz,ax,ay,az
1.98847e+30,1.3486e+09,1.46044e+09,0,7.10479,22.7455,0,-1.70878e-07,1.03545e-07,0
5.9722e+24,1.59212e+10,-1.48729e+11,0,29419.5,2651.82,0,-0.000464847,0.00581013,0
6.4171e+23,-2.21039e+11,-4.95301e+10,0,5180.46,-23522.1,0,0.0024901,0.000547342,0
1.8982e+27,-6.33681e+11,4.48826e+11,0,-7536.98,-10668.8,0,0.000179625,-0.000126934,0
