m,x,y,z,vx,vy,vz,ax,ay,az
1.98847e+30,1.16147e+09,3.68124e+09,0,-10.3593,19.5978,0,-1.18192e-07,-1.89669e-07,0
5.9722e+24,5.568e+08,-1.47224e+11,0,29515.2,-348.729,0,0.000121675,0.0058264,0
6.4171e+23,1.66668e+11,1.59342e+11,0,-16573.8,17672.6,0,-0.00188884,-0.00174403,0
1.8982e+27,-4.37732e+11,-6.3842e+11,0,10764.6,-7375.94,0,0.000124068,0.000180947,0
