m,x,y,z,vx,vy,vz,ax,ay,az
1.98847e+30,9.17517e+08,4.06072e+09,0,-12.0681,15.584,0,-6.65939e-08,-1.95994e-07,0
5.9722e+24,-1.36401e+11,6.22046e+10,0,-12119,-27306.2,0,0.00545622,-0.00242273,0
6.4171e+23,-2.26116e+11,2.32141e+10,0,-2261.78,-24019.3,0,0.00254576,-0.000238446,0
1.8982e+27,-1.81617e+11,-7.52323e+11,0,12680.9,-3072.33,0,5.17336e-05,0.000213018,0
