m,x,y,z,vx,vy,vz,ax,ay,az
1.98847e+30,1.41103e+09,2.9999e+09,0,-5.4775,23.7976,0,-1.88573e-07,-1.08535e-07,0
5.9722e+24,1.43598e+10,-1.47344e+11,0,29432.8,2331.64,0,-0.000402105,0.00581427,0
6.4171e+23,-1.84859e+11,-1.29388e+11,0,13773.5,-19710.6,0,0.00208453,0.00145327,0
1.8982e+27,-6.99091e+11,-3.3387e+11,0,5640.72,-11771.2,0,0.000198101,9.49118e-05,0
