m,x,y,z,vx,vy,vz,ax,ay,az
1.98847e+30,1.40128e+09,3.04085e+09,0,-5.79555,23.606,0,-1.80013e-07,-1.12733e-07,0
5.9722e+24,6.34721e+10,-1.34374e+11,0,26983.9,12057.4,0,-0.00231248,0.00535904,0
6.4171e+23,-1.57955e+11,-1.6096e+11,0,17112.8,-16873.2,0,0.00178492,0.00180409,0
1.8982e+27,-6.89035e+11,-3.54058e+11,0,5980.48,-11602,0,0.000195246,0.000100623,0
