m,x,y,z,vx,vy,vz,ax,ay,az
8e+36,3.28998e+06,3.86133e+06,0,0.434556,0.570273,0,4.13061e-08,7.25101e-08,0
2e+30,1.95601e+13,3.45547e+13,0,-2.73822e+06,-2.28109e+06,0,-0.165224,-0.29004,0
