m,x,y,z,vx,vy,vz,ax,ay,az
1.98847e+30,1.66892e+08,4.18525e+07,0,7.93451,2.9003,0,1.58245e-07,1.48501e-07,0
5.9722e+24,-3.67119e+10,1.43761e+11,0,-29160.9,-7145.29,0,0.00139633,-0.00586484,0
6.4171e+23,-8.90768e+10,-2.10716e+11,0,22075.7,-9509.96,0,0.00100915,0.00232414,0
1.8982e+27,6.04344e+11,4.90127e+11,0,-8227.56,10146.2,0,-0.000170505,-0.000137897,0
