m,x,y,z,vx,vy,vz,ax,ay,az
1.98847e+30,1.02438e+09,7.78766e+08,0,11.4575,17.3075,0,-8.44216e-08,1.77568e-07,0
5.9722e+24,-4.65122e+10,-1.42374e+11,0,27942.1,-9605.02,0,0.00193182,0.00550459,0
6.4171e+23,2.23787e+11,-4.85636e+10,0,5229.13,23551,0,-0.00248383,0.000574107,0
1.8982e+27,-2.94e+11,7.19503e+11,0,-12092,-4949.5,0,8.3198e-05,-0.000203525,0
