m,x,y,z,vx,vy,vz,ax,ay,az
1.98847e+30,1.27664e+09,3.4315e+09,0,-8.57919,21.5871,0,-1.62189e-07,-1.32243e-07,0
5.9722e+24,-9.91485e+10,1.13063e+11,0,-22401.8,-19901,0,0.00397853,-0.00449841,0
6.4171e+23,1.98749e+11,-1.11478e+11,0,12109.6,20821,0,-0.00218578,0.00129851,0
1.8982e+27,-5.58082e+11,-5.36701e+11,0,9053.56,-9399.34,0,0.000158124,0.000152246,0
