m,x,y,z,vx,vy,vz,ax,ay,az
1.98847e+30,1.46487e+09,2.68418e+09,0,-2.74843,24.7589,0,-2.15736e-07,-3.25368e-08,0
5.9722e+24,-8.96499e+10,1.20083e+11,0,-23946,-18027.6,0,0.00360168,-0.00481195,0
6.4171e+23,-1.64002e+11,1.58404e+11,0,-16729.6,-17472.1,0,0.00185563,-0.00177915,0
1.8982e+27,-7.55164e+11,-1.74609e+11,0,2960.13,-12714.9,0,0.000214037,4.98251e-05,0
