m,x,y,z,vx,vy,vz,ax,ay,az
1.98847e+30,7.2342e+07,4.67878e+09,0,-5.37377,1.2235,0,2.06737e-07,-9.08217e-08,0
5.9722e+24,1.49582e+11,8.50538e+09,0,-767.221,29784.3,0,-0.00593114,-4.98603e-05,0
6.4171e+23,1.37631e+11,-1.7812e+11,0,19230.2,14422.6,0,-0.00150583,0.00203974,0
1.8982e+27,7.02727e+11,-3.30835e+11,0,5625.23,11778.5,0,-0.000197398,9.46081e-05,0
