m,x,y,z,vx,vy,vz,ax,ay,az
1.98847e+30,1.06346e+09,8.39654e+08,0,11.1665,17.9109,0,-8.39493e-08,1.72938e-07,0
5.9722e+24,5.3613e+10,-1.40523e+11,0,27760.4,10162.1,0,-0.00194014,0.00550253,0
6.4171e+23,2.26372e+11,3.4371e+10,0,-3539.95,23899.7,0,-0.00253312,-0.000353172,0
1.8982e+27,-3.35256e+11,7.01162e+11,0,-11783.7,-5643.92,0,9.4902e-05,-0.000198355,0
