m,x,y,z,vx,vy,vz,ax,ay,az
1.98847e+30,1.284e+09,3.41281e+09,0,-8.43917,21.6998,0,-1.61823e-07,-1.28206e-07,0
5.9722e+24,-7.85288e+10,1.28686e+11,0,-25522.8,-15758.5,0,0.00314348,-0.00512968,0
6.4171e+23,1.87563e+11,-1.29013e+11,0,13949.4,19623.5,0,-0.00205729,0.0014907,0
1.8982e+27,-5.65851e+11,-5.28529e+11,0,8916.09,-9529.99,0,0.000160324,0.000149938,0
