m,x,y,z,vx,vy,vz,ax,ay,az
1.98847e+30,1.02913e+09,3.90428e+09,0,-11.4125,17.3241,0,-6.89662e-08,-1.79253e-07,0
5.9722e+24,1.02261e+11,1.12766e+11,0,-21902.1,20492.3,0,-0.00416492,-0.00432529,0
6.4171e+23,-1.02885e+11,2.05714e+11,0,-21627.7,-10929.7,0,0.001158,-0.00230102,0
1.8982e+27,-2.99329e+11,-7.1373e+11,0,12031.5,-5049.94,0,8.49583e-05,0.000202164,0
