m,x,y,z,vx,vy,vz,ax,ay,az
1.98847e+30,1.22178e+09,3.5594e+09,0,-9.5392,20.6853,0,-1.51113e-07,-1.66043e-07,0
5.9722e+24,-1.38229e+11,-5.19681e+10,0,10515.9,-27740.4,0,0.00551055,0.00208566,0
6.4171e+23,2.2761e+11,2.90268e+10,0,-2710.17,24010.9,0,-0.00254352,-0.000262652,0
1.8982e+27,-5.00494e+11,-5.90624e+11,0,9960.67,-8431.04,0,0.000141822,0.000167466,0
