m,x,y,z,vx,vy,vz,ax,ay,az
1.98847e+30,1.61951e+07,1.84921e+06,0,2.57868,0.41663,0,1.91601e-07,5.45277e-08,0
5.9722e+24,-1.13454e+11,9.62392e+10,0,-19714.9,-22544.7,0,0.00450525,-0.00395764,0
6.4171e+23,6.35602e+10,2.17871e+11,0,-23239.8,6862.56,0,-0.000744012,-0.00246693,0
1.8982e+27,7.62397e+11,1.56855e+11,0,-2631.43,12790.9,0,-0.000214636,-4.38351e-05,0
