m,x,y,z,vx,vy,vz,ax,ay,az
1.98847e+30,1.46931e+09,2.64135e+09,0,-2.37907,24.8075,0,-2.11345e-07,-2.35997e-08,0
5.9722e+24,-4.39138e+10,1.43929e+11,0,-28693.9,-8832.27,0,0.00174242,-0.00576977,0
6.4171e+23,-1.32606e+11,1.85933e+11,0,-19652.6,-14132.2,0,0.00150003,-0.00209119,0
1.8982e+27,-7.59975e+11,-1.5257e+11,0,2589.13,-12795.9,0,0.000215407,4.35821e-05,0
