m,x,y,z,vx,vy,vz,ax,ay,az
1.98847e+30,8.37203e+08,5.33181e+08,0,12.4519,14.1157,0,-2.12567e-08,2.24639e-07,0
5.9722e+24,4.25248e+10,1.42937e+11,0,-28754,8633.68,0,-0.00179439,-0.00575393,0
6.4171e+23,-6.29164e+10,-2.19327e+11,0,23048.8,-6811.38,0,0.000727376,0.0024261,0
1.8982e+27,-9.81026e+10,7.71281e+11,0,-12961.4,-1653.12,0,2.76672e-05,-0.000218039,0
