m,x,y,z,vx,vy,vz,ax,ay,az
1.98847e+30,1.53409e+08,3.70498e+07,0,7.65294,2.64692,0,1.68148e-07,1.44162e-07,0
5.9722e+24,1.47733e+10,1.47653e+11,0,-29860.5,3199.55,0,-0.000699104,-0.00599043,0
6.4171e+23,-1.25616e+11,-1.91072e+11,0,19994.7,-13357.2,0,0.00141328,0.00210555,0
1.8982e+27,6.18318e+11,4.72401e+11,0,-7929.69,10380.4,0,-0.000174422,-0.000132883,0
