m,x,y,z,vx,vy,vz,ax,ay,az
8e+36,-3.86795e+06,1.00555e+07,0,-1.04107,-0.574342,0,9.7986e-08,2.68509e-08,0
2e+30,3.52318e+13,9.77808e+12,0,3.16427e+06,2.29737e+06,0,-0.391944,-0.107404,0
