m,x,y,z,vx,vy,vz,ax,ay,az
1.98847e+30,6.85262e+06,531302,0,1.71717,0.195346,0,2.08345e-07,4.56115e-08,0
5.9722e+24,8.48586e+08,1.48331e+11,0,-30035.1,431.359,0,-0.000139544,-0.00603023,0
6.4171e+23,1.53977e+11,1.67044e+11,0,-17774.7,16435.4,0,-0.00175977,-0.00187463,0
1.8982e+27,7.71794e+11,1.01243e+11,0,-1698.32,12947.2,0,-0.000217219,-2.81743e-05,0
