m,x,y,z,vx,vy,vz,ax,ay,az
1.98847e+30,9.38275e+08,4.03351e+09,0,-11.9508,15.9169,0,-6.90591e-08,-1.89136e-07,0
5.9722e+24,-1.08132e+11,1.05175e+11,0,-20709.9,-21642.9,0,0.00432756,-0.00415555,0
6.4171e+23,-2.18622e+11,6.41836e+10,0,-6605.77,-23226.9,0,0.00246378,-0.000699494,0
1.8982e+27,-2.03454e+11,-7.46713e+11,0,12586.5,-3439.15,0,5.78948e-05,0.000211441,0
