m,x,y,z,vx,vy,vz,ax,ay,az
1.98847e+30,9.22361e+08,6.36141e+08,0,12.1402,15.6407,0,-6.60073e-08,2.11201e-07,0
5.9722e+24,-1.32663e+11,6.67498e+10,0,-13686,-26560,0,0.00530873,-0.00274267,0
6.4171e+23,9.90493e+10,-2.06122e+11,0,21750.3,10261.9,0,-0.0010656,0.00229892,0
1.8982e+27,-1.86814e+11,7.54613e+11,0,-12681.9,-3145.64,0,5.2804e-05,-0.000213393,0
