m,x,y,z,vx,vy,vz,ax,ay,az
1.98847e+30,2.45522e+08,4.6168e+09,0,-9.15808,4.23379,0,1.37245e-07,-1.37088e-07,0
5.9722e+24,-1.65577e+10,1.52e+11,0,-29886.9,-3108.17,0,0.000578384,-0.006004,0
6.4171e+23,-2.2092e+11,5.85834e+10,0,-5949.42,-23414.4,0,0.00248243,-0.000629967,0
1.8982e+27,5.21955e+11,-5.73408e+11,0,9689.64,8741.33,0,-0.000146431,0.00016271,0
