m,x,y,z,vx,vy,vz,ax,ay,az
1.98847e+30,5.96743e+08,4.39226e+09,0,-12.1265,10.1116,0,4.13266e-08,-1.87331e-07,0
5.9722e+24,-4.09528e+09,1.52646e+11,0,-30045.8,-668.66,0,8.53132e-05,-0.00603188,0
6.4171e+23,2.01196e+11,-1.04924e+11,0,11520.9,21142.4,0,-0.00222161,0.00123672,0
1.8982e+27,1.5385e+11,-7.58799e+11,0,12793.8,2561.25,0,-4.28092e-05,0.0002148,0
