m,x,y,z,vx,vy,vz,ax,ay,az
1.98847e+30,8.47952e+08,5.4547e+08,0,12.4307,14.31,0,-2.72981e-08,2.24906e-07,0
5.9722e+24,1.71119e+10,1.4799e+11,0,-29818.7,3540.87,0,-0.000766105,-0.00598203,0
6.4171e+23,-4.274e+10,-2.24206e+11,0,23571.8,-4687.47,0,0.00050461,0.0024815,0
1.8982e+27,-1.09289e+11,7.69763e+11,0,-12936,-1841.31,0,3.08361e-05,-0.000217619,0
