m,x,y,z,vx,vy,vz,ax,ay,az
1.98847e+30,1.47312e+09,2.59846e+09,0,-2.01811,24.8423,0,-2.06089e-07,-1.67677e-08,0
5.9722e+24,7.26559e+09,1.50818e+11,0,-30008,1451.74,0,-0.000341144,-0.00602222,0
6.4171e+23,-9.66876e+10,2.07276e+11,0,-21916.5,-10309.5,0,0.00109216,-0.00233271,0
1.8982e+27,-7.64143e+11,-1.304e+11,0,2215.9,-12866,0,0.000216594,3.73011e-05,0
