m,x,y,z,vx,vy,vz,ax,ay,az
1.98847e+30,1.19654e+09,3.61242e+09,0,-9.91521,20.2372,0,-1.38805e-07,-1.78746e-07,0
5.9722e+24,-9.36437e+10,-1.13404e+11,0,22712.7,-18926,0,0.0037604,0.00448197,0
6.4171e+23,2.11898e+11,8.94964e+10,0,-9128.27,22406.4,0,-0.00238257,-0.000945806,0
1.8982e+27,-4.74193e+11,-6.11889e+11,0,10318.4,-7988.86,0,0.00013438,0.000173465,0
