m,x,y,z,vx,vy,vz,ax,ay,az
1.98847e+30,8.75421e+08,4.11334e+09,0,-12.2809,14.8803,0,-5.53748e-08,-2.10805e-07,0
5.9722e+24,-1.42937e+11,-3.84888e+10,0,7946.31,-28610.5,0,0.00568577,0.00157874,0
6.4171e+23,-2.18368e+11,-5.92591e+10,0,6471.96,-23196.3,0,0.00245457,0.000685031,0
1.8982e+27,-1.37502e+11,-7.61631e+11,0,12837.7,-2331.3,0,3.92896e-05,0.000215632,0
