m,x,y,z,vx,vy,vz,ax,ay,az
1.98847e+30,1.32223e+08,4.66224e+09,0,-7.17802,2.34104,0,1.66403e-07,-1.36605e-07,0
5.9722e+24,-4.06633e+10,-1.4058e+11,0,28341.4,-8290.8,0,0.00167193,0.00558686,0
6.4171e+23,-7.88477e+10,-2.102e+11,0,22491.4,-8426.57,0,0.000895564,0.00236912,0
1.8982e+27,6.4067e+11,-4.38093e+11,0,7422.61,10735.3,0,-0.00017988,0.000124722,0
