m,x,y,z,vx,vy,vz,ax,ay,az
1.98847e+30,1.41315e+09,1.70163e+09,0,5.35729,23.7661,0,-1.74893e-07,9.82898e-08,0
5.9722e+24,1.26163e+11,8.29881e+10,0,-16292.8,25121.4,0,-0.0050704,-0.00317967,0
6.4171e+23,-5.62206e+10,-2.19873e+11,0,23219.3,-6155.71,0,0.000659441,0.00244469,0
1.8982e+27,-7.01709e+11,3.31926e+11,0,-5568.64,-11814.5,0,0.000198939,-9.37864e-05,0
