m,x,y,z,vx,vy,vz,ax,ay,az
1.98847e+30,1.46717e+09,2.66278e+09,0,-2.5628,24.7851,0,-2.13697e-07,-2.78243e-08,0
5.9722e+24,-6.78275e+10,1.33988e+11,0,-26720.7,-13641,0,0.00271588,-0.00537281,0
6.4171e+23,-1.4894e+11,1.72887e+11,0,-18267.6,-15869.9,0,0.00168516,-0.00194334,0
1.8982e+27,-7.5765e+11,-1.63607e+11,0,2774.93,-12756.7,0,0.000214745,4.67087e-05,0
