m,x,y,z,vx,vy,vz,ax,ay,az
1.98847e+30,4.77246e+08,2.07228e+08,0,11.7386,8.09688,0,7.30848e-08,2.14296e-07,0
5.9722e+24,-2.28893e+10,1.46705e+11,0,-29696.7,-4423.23,0,0.000845713,-0.00597089,0
6.4171e+23,5.78215e+10,2.19768e+11,0,-23418.2,6212.85,0,-0.000674106,-0.00248709,0
1.8982e+27,2.79138e+11,7.26022e+11,0,-12195.5,4688.66,0,-7.89933e-05,-0.00020486,0
