m,x,y,z,vx,vy,vz,ax,ay,az
1.98847e+30,2.61543e+08,4.60928e+09,0,-9.39674,4.47394,0,1.39024e-07,-1.41435e-07,0
5.9722e+24,3.50109e+10,1.48843e+11,0,-29159.7,7236.02,0,-0.00151438,-0.005836,0
6.4171e+23,-2.07174e+11,9.79579e+10,0,-10125.3,-21957.3,0,0.00232948,-0.00107417,0
1.8982e+27,5.05006e+11,-5.8828e+11,0,9938.77,8456.72,0,-0.000141658,0.000166886,0
