m,x,y,z,vx,vy,vz,ax,ay,az
1.98847e+30,7.50964e+08,4.40819e+08,0,12.4593,12.6113,0,1.48777e-08,2.07204e-07,0
5.9722e+24,1.49695e+11,-1.48596e+10,0,3054.77,29615.6,0,-0.00587605,0.000705958,0
6.4171e+23,-1.92591e+11,-1.21298e+11,0,12668,-20465.1,0,0.00216387,0.00133527,0
1.8982e+27,-8.05602e+09,7.77545e+11,0,-13065.7,-138.555,0,2.17078e-06,-0.00021973,0
