m,x,y,z,vx,vy,vz,ax,ay,az
1.98847e+30,1.29835e+09,3.37513e+09,0,-8.16075,21.9155,0,-1.60187e-07,-1.21479e-07,0
5.9722e+24,-3.0761e+10,1.48233e+11,0,-29400.3,-6155.71,0,0.00119967,-0.00590932,0
6.4171e+23,1.60663e+11,-1.60655e+11,0,17262.4,16756.3,0,-0.00175164,0.00183574,0
1.8982e+27,-5.81029e+11,-5.1185e+11,0,8635.5,-9785.23,0,0.000164623,0.000145228,0
