m,x,y,z,vx,vy,vz,ax,ay,az
1.98847e+30,1.80845e+08,4.70985e+07,0,8.19923,3.15912,0,1.48755e-07,1.50596e-07,0
5.9722e+24,-8.37708e+10,1.22612e+11,0,-24965.9,-16611,0,0.00331186,-0.00502045,0
6.4171e+23,-4.95951e+10,-2.23414e+11,0,23427.5,-5353.27,0,0.000573034,0.00246665,0
1.8982e+27,5.89862e+11,5.07441e+11,0,-8518.52,9903.49,0,-0.000166443,-0.000142796,0
