m,x,y,z,vx,vy,vz,ax,ay,az
1.98847e+30,5.03731e+08,4.46512e+09,0,-11.7894,8.62965,0,5.01571e-08,-1.97841e-07,0
5.9722e+24,-1.49104e+11,6.83386e+08,0,227.815,-29768.2,0,0.00592738,4.77347e-05,0
6.4171e+23,2.16325e+11,7.68065e+10,0,-7686.56,22919.1,0,-0.00243586,-0.000791901,0
1.8982e+27,2.51737e+11,-7.32385e+11,0,12352,4204.64,0,-7.03678e-05,0.000207367,0
