m,x,y,z,vx,vy,vz,ax,ay,az
1.98847e+30,7.29458e+08,4.19319e+08,0,12.4299,12.258,0,1.90843e-08,2.01539e-07,0
5.9722e+24,1.36268e+11,-6.41937e+10,0,12802.8,26789.3,0,-0.00526831,0.00262295,0
6.4171e+23,-2.11314e+11,-8.42113e+10,0,8746.08,-22439.2,0,0.00237347,0.000922438,0
1.8982e+27,1.45219e+10,7.77473e+11,0,-13064.2,241.13,0,-4.21883e-06,-0.000219688,0
