m,x,y,z,vx,vy,vz,ax,ay,az
1.98847e+30,1.07778e+09,3.82778e+09,0,-11.1016,18.1134,0,-7.71381e-08,-1.86886e-07,0
5.9722e+24,1.5058e+11,-2.75092e+09,0,1296.94,29764.3,0,-0.00591361,0.000362008,0
6.4171e+23,-2.11103e+09,2.30679e+11,0,-24252.7,-209.415,0,1.23935e-05,-0.00257854,0
1.8982e+27,-3.50485e+11,-6.90084e+11,0,11633.7,-5909.57,0,9.94079e-05,0.000195506,0
