m,x,y,z,vx,vy,vz,ax,ay,az
1.98847e+30,4.27291e+08,1.74189e+08,0,11.36,7.1887,0,1.02008e-07,2.03564e-07,0
5.9722e+24,9.79585e+10,1.12336e+11,0,-22549.2,19748,0,-0.0040193,-0.0044626,0
6.4171e+23,1.49608e+11,1.71473e+11,0,-18223.9,15936.7,0,-0.00170683,-0.00192359,0
1.8982e+27,3.31057e+11,7.03912e+11,0,-11823.1,5560.69,0,-9.36365e-05,-0.000198554,0
