m,x,y,z,vx,vy,vz,ax,ay,az
1.98847e+30,1.35467e+09,1.48014e+09,0,6.95772,22.8339,0,-1.69684e-07,1.01439e-07,0
5.9722e+24,4.09883e+10,-1.44073e+11,0,28554.2,7608.14,0,-0.00143686,0.00565194,0
6.4171e+23,-2.15551e+11,-6.95915e+10,0,7303.8,-22942.3,0,0.0024279,0.000771357,0
1.8982e+27,-6.40119e+11,4.39557e+11,0,-7380.91,-10777.2,0,0.000181453,-0.000124306,0
