m,x,y,z,vx,vy,vz,ax,ay,az
1.98847e+30,7.72514e+08,4.6294e+08,0,12.4797,12.9747,0,8.65063e-09,2.13054e-07,0
5.9722e+24,1.45708e+11,3.62552e+10,0,-7134.05,28991,0,-0.0058033,-0.00132702,0
6.4171e+23,-1.6746e+11,-1.5435e+11,0,16162.8,-17817.1,0,0.00188408,0.00170254,0
1.8982e+27,-3.06265e+10,7.76961e+11,0,-13056.2,-518.145,0,8.55964e-06,-0.000219586,0
