m,x,y,z,vx,vy,vz,ax,ay,az
1.98847e+30,1.47892e+09,2.51252e+09,0,-1.32337,24.8858,0,-1.96196e-07,-9.56754e-09,0
5.9722e+24,1.01484e+11,1.12493e+11,0,-22118.2,20257.2,0,-0.0041168,-0.00437185,0
6.4171e+23,-1.62269e+10,2.28722e+11,0,-24175.7,-1746.74,0,0.000177264,-0.0025718,0
1.8982e+27,-7.70536e+11,-8.57407e+10,0,1464.07,-12973.6,0,0.000218418,2.46469e-05,0
