m,x,y,z,vx,vy,vz,ax,ay,az
1.98847e+30,8.43413e+08,4.15117e+09,0,-12.4069,14.3208,0,-4.16917e-08,-2.20086e-07,0
5.9722e+24,-1.0411e+11,-1.03781e+11,0,20907.4,-20926.7,0,0.00415381,0.00412871,0
6.4171e+23,-1.93368e+11,-1.162e+11,0,12494.7,-20554.2,0,0.00217338,0.00131926,0
1.8982e+27,-1.04102e+11,-7.66923e+11,0,12927,-1770.31,0,2.98707e-05,0.000217116,0
