m,x,y,z,vx,vy,vz,ax,ay,az
1.98847e+30,5.91343e+07,4.68165e+09,0,-4.83463,1.01145,0,2.08363e-07,-7.35139e-08,0
5.9722e+24,1.27477e+11,8.17864e+10,0,-15459,25618.7,0,-0.00517062,-0.00300784,0
6.4171e+23,1.81598e+11,-1.34205e+11,0,14633.8,19098.7,0,-0.00200288,0.00156158,0
1.8982e+27,7.16618e+11,-2.99988e+11,0,5108.24,12012.2,0,-0.000201326,8.59454e-05,0
