m,x,y,z,vx,vy,vz,ax,ay,az
1.98847e+30,1.21347e+09,3.5772e+09,0,-9.66805,20.5396,0,-1.47438e-07,-1.70608e-07,0
5.9722e+24,-1.26949e+11,-7.49291e+10,0,15074.9,-25506,0,0.00506274,0.00298358,0
6.4171e+23,2.24229e+11,4.96262e+10,0,-4893.82,23673.5,0,-0.00251096,-0.000494599,0
1.8982e+27,-4.9183e+11,-5.9784e+11,0,10082,-8285.38,0,0.00013937,0.000169502,0
