m,x,y,z,vx,vy,vz,ax,ay,az
1.98847e+30,1.44216e+09,1.84716e+09,0,4.22223,24.3373,0,-2.01519e-07,8.66905e-08,0
5.9722e+24,-3.22271e+10,1.46346e+11,0,-29316.6,-6477.96,0,0.00126506,-0.00589497,0
6.4171e+23,8.63576e+10,-2.1072e+11,0,22342,8875.29,0,-0.00091838,0.00236065,0
1.8982e+27,-7.3164e+11,2.58863e+11,0,-4338.34,-12318.6,0,0.000207433,-7.30642e-05,0
