m,x,y,z,vx,vy,vz,ax,ay,az
1.98847e+30,1.27975e+08,2.87171e+07,0,7.04041,2.17214,0,1.85999e-07,1.28853e-07,0
5.9722e+24,1.06522e+11,1.03924e+11,0,-20871.7,21494.1,0,-0.00436499,-0.00411659,0
6.4171e+23,-1.85163e+11,-1.33707e+11,0,13930.8,-19630.9,0,0.00207455,0.0014688,0
1.8982e+27,6.44693e+11,4.35772e+11,0,-7314.26,10822.3,0,-0.000181812,-0.000122526,0
