m,x,y,z,vx,vy,vz,ax,ay,az
1.98847e+30,1.02875e+08,4.67109e+09,0,-6.40806,1.77836,0,1.89205e-07,-1.22053e-07,0
5.9722e+24,8.16844e+10,-1.22024e+11,0,24914.6,15917.1,0,-0.00307972,0.00496605,0
6.4171e+23,2.31784e+10,-2.23144e+11,0,23900.1,2324.31,0,-0.000231958,0.00252045,0
1.8982e+27,6.70994e+11,-3.90573e+11,0,6626.33,11245,0,-0.000188435,0.000111381,0
