m,x,y,z,vx,vy,vz,ax,ay,az
1.98847e+30,1.43844e+09,1.82616e+09,0,4.39476,24.2611,0,-1.97416e-07,8.99404e-08,0
5.9722e+24,-6.56559e+09,1.49946e+11,0,-30004.9,-1319.87,0,0.000219802,-0.00602763,0
6.4171e+23,6.6765e+10,-2.17589e+11,0,23051.2,6805.99,0,-0.000700657,0.00243344,0
1.8982e+27,-7.27822e+11,2.69481e+11,0,-4517.14,-12254.3,0,0.00020635,-7.60759e-05,0
