m,x,y,z,vx,vy,vz,ax,ay,az
1.98847e+30,6.77841e+07,4.6798e+09,0,-5.19458,1.14781,0,2.07846e-07,-8.4975e-08,0
5.9722e+24,1.46491e+11,3.40508e+10,0,-5866.69,29256.2,0,-0.00585196,-0.00106933,0
6.4171e+23,1.53598e+11,-1.64844e+11,0,17842.8,16117.7,0,-0.00168549,0.00189572,0
1.8982e+27,7.07506e+11,-3.2062e+11,0,5454.04,11858.9,0,-0.000198749,9.17396e-05,0
