m,x,y,z,vx,vy,vz,ax,ay,az
1.98847e+30,1.47598e+09,2.12466e+09,0,1.78749,24.9363,0,-2.17884e-07,1.7666e-08,0
5.9722e+24,-9.20965e+10,-1.15918e+11,0,22928,-18671.4,0,0.00371118,0.00452228,0
6.4171e+23,2.29399e+11,4.47987e+08,0,179.592,24154.5,0,-0.00255419,4.21671e-05,0
1.8982e+27,-7.66927e+11,1.16713e+11,0,-1944.7,-12912.8,0,0.000217433,-3.27485e-05,0
