m,x,y,z,vx,vy,vz,ax,ay,az
1.98847e+30,789085,20628.5,0,0.588243,0.0230327,0,2.25429e-07,1.76257e-08,0
5.9722e+24,1.29398e+11,7.38031e+10,0,-14786.6,26000.8,0,-0.0052441,-0.00287182,0
6.4171e+23,2.1912e+11,6.17617e+10,0,-6549.07,23254.8,0,-0.0024704,-0.000672037,0
1.8982e+27,7.77719e+11,3.38328e+10,0,-567.481,13045,0,-0.000218815,-9.20123e-06,0
