m,x,y,z,vx,vy,vz,ax,ay,az
1.98847e+30,1.43291e+09,2.89615e+09,0,-4.61909,24.2301,0,-2.0837e-07,-8.93021e-08,0
5.9722e+24,-1.0235e+11,-1.06173e+11,0,21140.8,-20686.8,0,0.00410808,0.00417324,0
6.4171e+23,-2.23664e+11,-3.39039e+10,0,3670.43,-23809.3,0,0.00252122,0.000388431,0
1.8982e+27,-7.21628e+11,-2.82193e+11,0,4771,-12150.5,0,0.000204501,8.02876e-05,0
