m,x,y,z,vx,vy,vz,ax,ay,az
1.98847e+30,1.20506e+09,3.59488e+09,0,-9.79351,20.3902,0,-1.43317e-07,-1.74864e-07,0
5.9722e+24,-1.11938e+11,-9.56052e+10,0,19178.5,-22537.9,0,0.00447326,0.00378934,0
6.4171e+23,2.18978e+11,6.98394e+10,0,-7039.24,23137.4,0,-0.0024572,-0.00072297,0
1.8982e+27,-4.83062e+11,-6.04928e+11,0,10201.3,-8137.98,0,0.00013689,0.000171502,0
