m,x,y,z,vx,vy,vz,ax,ay,az
1.98847e+30,1.05848e+09,3.85879e+09,0,-11.2303,17.7935,0,-7.24053e-08,-1.83467e-07,0
5.9722e+24,1.43565e+11,4.80779e+10,0,-8848.77,28542.5,0,-0.00572152,-0.00166758,0
6.4171e+23,-4.37272e+10,2.26289e+11,0,-23800.8,-4635.59,0,0.000485475,-0.00253201,0
1.8982e+27,-3.3023e+11,-6.99988e+11,0,11800.3,-5569.18,0,9.36857e-05,0.000198295,0
