m,x,y,z,vx,vy,vz,ax,ay,az
1.98847e+30,1.06816e+09,3.84336e+09,0,-11.167,17.9527,0,-7.45168e-08,-1.85177e-07,0
5.9722e+24,1.49268e+11,2.29467e+10,0,-3821.21,29592.7,0,-0.00590573,-0.000658105,0
6.4171e+23,-2.30212e+10,2.2944e+11,0,-24129,-2433.04,0,0.000250039,-0.0025663,0
1.8982e+27,-3.40393e+11,-6.9511e+11,0,11718.2,-5739.98,0,9.65568e-05,0.000196921,0
