m,x,y,z,vx,vy,vz,ax,ay,az
1.98847e+30,9.07063e+08,4.0741e+09,0,-12.1248,15.4129,0,-6.45992e-08,-1.99698e-07,0
5.9722e+24,-1.44573e+11,3.77763e+10,0,-7240.87,-28937.7,0,0.00577538,-0.00144364,0
6.4171e+23,-2.27022e+11,2.40183e+09,0,-56.4575,-24114.3,0,0.00255474,-4.82277e-06,0
1.8982e+27,-1.7064e+11,-7.5489e+11,0,12724.2,-2887.93,0,4.86369e-05,0.000213739,0
