m,x,y,z,vx,vy,vz,ax,ay,az
1.98847e+30,1.95241e+08,5.27939e+07,0,8.44849,3.41977,0,1.404e-07,1.50796e-07,0
5.9722e+24,-1.2079e+11,8.67984e+10,0,-17811.7,-24048.4,0,0.00480669,-0.00357419,0
6.4171e+23,-8.47362e+09,-2.2875e+11,0,24007.2,-1022.74,0,0.000118855,0.00252884,0
1.8982e+27,5.74883e+11,5.24328e+11,0,-8802.34,9652.38,0,-0.00016224,-0.000147577,0
