m,x,y,z,vx,vy,vz,ax,ay,az
1.98847e+30,1.85505e+08,4.64279e+09,0,-8.21901,3.29845,0,1.38301e-07,-1.3701e-07,0
5.9722e+24,-1.49022e+11,1.45418e+10,0,-2492.71,-29694.8,0,0.00591646,-0.000495062,0
6.4171e+23,-2.01164e+11,-1.03201e+11,0,11175.2,-21321.8,0,0.00225361,0.00118062,0
1.8982e+27,5.85237e+11,-5.09197e+11,0,8613.94,9804.09,0,-0.000164255,0.000144684,0
