m,x,y,z,vx,vy,vz,ax,ay,az
1.98847e+30,7.90201e+07,1.52157e+07,0,5.5172,1.35474,0,1.98806e-07,8.09977e-08,0
5.9722e+24,1.07639e+11,-1.05261e+11,0,20762.8,21110.5,0,-0.00411577,0.004168,0
6.4171e+23,-2.23236e+11,4.45115e+10,0,-4926.82,-23644.4,0,0.00250595,-0.000523175,0
1.8982e+27,6.95986e+11,3.4819e+11,0,-5843.23,11681.2,0,-0.000196158,-9.77863e-05,0
