m,x,y,z,vx,vy,vz,ax,ay,az
1.98847e+30,1.35711e+09,3.20124e+09,0,-6.94329,22.8115,0,-1.56472e-07,-1.14213e-07,0
5.9722e+24,1.47067e+11,3.57859e+10,0,-6512.56,29147.8,0,-0.00582979,-0.00119845,0
6.4171e+23,-9.00746e+09,-2.2555e+11,0,23981.4,-1181.05,0,0.000137205,0.00252728,0
1.8982e+27,-6.43078e+11,-4.31634e+11,0,7285.86,-10828.9,0,0.000182209,0.000122561,0
