m,x,y,z,vx,vy,vz,ax,ay,az
1.98847e+30,6.49508e+08,4.34685e+09,0,-12.3045,10.936,0,4.00232e-08,-1.96401e-07,0
5.9722e+24,1.11581e+11,1.03433e+11,0,-19916.6,22398.7,0,-0.00454176,-0.00391702,0
6.4171e+23,1.33086e+11,-1.8222e+11,0,19618,13886.4,0,-0.0014487,0.00208019,0
1.8982e+27,9.8235e+10,-7.67891e+11,0,12945.7,1627.48,0,-2.71473e-05,0.000217362,0
