m,x,y,z,vx,vy,vz,ax,ay,az
1.98847e+30,1.15247e+09,3.6981e+09,0,-10.4588,19.4332,0,-1.12771e-07,-1.91126e-07,0
5.9722e+24,2.59462e+10,-1.45137e+11,0,29152.8,4667.79,0,-0.000860677,0.0057651,0
6.4171e+23,1.51599e+11,1.73867e+11,0,-18127.4,16085.1,0,-0.00172153,-0.00191146,0
1.8982e+27,-4.28381e+11,-6.44718e+11,0,10870.6,-7218.76,0,0.000121424,0.000182723,0
