m,x,y,z,vx,vy,vz,ax,ay,az
1.98847e+30,2.22258e+08,4.6273e+09,0,-8.8056,3.88297,0,1.35075e-07,-1.3443e-07,0
5.9722e+24,-8.8242e+10,1.24007e+11,0,-24349.4,-17517.1,0,0.00349499,-0.00489248,0
6.4171e+23,-2.27578e+11,-3.43856e+09,0,622.058,-24117.4,0,0.00255376,6.69653e-05,0
1.8982e+27,5.46554e+11,-5.50194e+11,0,9300.75,9154.41,0,-0.000153358,0.000156193,0
