m,x,y,z,vx,vy,vz,ax,ay,az
1.98847e+30,1.4246e+09,2.93787e+09,0,-4.97275,24.0673,0,-2.01112e-07,-9.84239e-08,0
5.9722e+24,-6.02662e+10,-1.34663e+11,0,26812.2,-12387.4,0,0.00247745,0.00528493,0
6.4171e+23,-2.13424e+11,-7.41758e+10,0,7933.25,-22726.6,0,0.00240485,0.000838418,0
1.8982e+27,-7.13064e+11,-3.03059e+11,0,5122.19,-12006.4,0,0.000202069,8.61934e-05,0
