m,x,y,z,vx,vy,vz,ax,ay,az
1.98847e+30,1.18328e+09,1.05202e+09,0,10.1192,19.9171,0,-1.14662e-07,1.84987e-07,0
5.9722e+24,7.91172e+10,1.27476e+11,0,-25462.1,15872.2,0,-0.00324603,-0.00506519,0
6.4171e+23,5.22964e+10,2.22149e+11,0,-23584.4,5560.89,0,-0.00060384,-0.00250531,0
1.8982e+27,-4.6079e+11,6.25585e+11,0,-10512.3,-7757.33,0,0.000130531,-0.000177001,0
