m,x,y,z,vx,vy,vz,ax,ay,az
1.98847e+30,4.19447e+07,6.76962e+06,0,4.02057,0.844679,0,1.85409e-07,5.59523e-08,0
5.9722e+24,-1.00144e+11,-1.12404e+11,0,21813.9,-20003,0,0.00396911,0.0043039,0
6.4171e+23,-1.17977e+11,1.93965e+11,0,-20776.1,-12449.1,0,0.0013182,-0.00221177,0
1.8982e+27,7.35442e+11,2.54688e+11,0,-4273.38,12341.1,0,-0.00020716,-7.14065e-05,0
