m,x,y,z,vx,vy,vz,ax,ay,az
1.98847e+30,9.94411e+08,7.34489e+08,0,11.6754,16.838,0,-8.33264e-08,1.85493e-07,0
5.9722e+24,-1.09982e+11,-1.00909e+11,0,19685.5,-22114.4,0,0.00438912,0.00388507,0
6.4171e+23,2.02376e+11,-1.07072e+11,0,11388.8,21237.2,0,-0.00223136,0.00122088,0
1.8982e+27,-2.62397e+11,7.31667e+11,0,-12296.5,-4417.58,0,7.42342e-05,-0.00020695,0
