m,x,y,z,vx,vy,vz,ax,ay,az
1.98847e+30,8.21914e+08,4.17557e+09,0,-12.4692,13.9364,0,-3.07161e-08,-2.24324e-07,0
5.9722e+24,-6.23501e+10,-1.32747e+11,0,26669.3,-12688.9,0,0.00253486,0.00525797,0
6.4171e+23,-1.6852e+11,-1.4943e+11,0,16008.3,-17932.2,0,0.00189621,0.00168845,0
1.8982e+27,-8.17209e+10,-7.69642e+11,0,12972.9,-1394.41,0,2.35605e-05,0.000217878,0
