m,x,y,z,vx,vy,vz,ax,ay,az
1.98847e+30,1.1745e+09,1.03488e+09,0,10.2163,19.7573,0,-1.09645e-07,1.84813e-07,0
5.9722e+24,9.99495e+10,1.12116e+11,0,-22329.5,20006.8,0,-0.00406828,-0.00441734,0
6.4171e+23,7.24499e+10,2.16508e+11,0,-22973.5,7700.99,0,-0.000831892,-0.00243843,0
1.8982e+27,-4.51663e+11,6.32227e+11,0,-10624.1,-7603.66,0,0.00012794,-0.00017888,0
