m,x,y,z,vx,vy,vz,ax,ay,az
1.98847e+30,1.0093e+09,3.93394e+09,0,-11.5312,17.0157,0,-6.86287e-08,-1.78045e-07,0
5.9722e+24,5.88153e+10,1.40635e+11,0,-27598.6,11859.9,0,-0.00244285,-0.00550662,0
6.4171e+23,-1.38205e+11,1.83355e+11,0,-19256.2,-14686.8,0,0.0015588,-0.00204786,0
1.8982e+27,-2.78409e+11,-7.22138e+11,0,12172.9,-4698.43,0,7.90512e-05,0.00020453,0
