m,x,y,z,vx,vy,vz,ax,ay,az
1.98847e+30,1.48322e+09,2.3834e+09,0,-0.323973,24.9304,0,-1.9209e-07,-8.43349e-09,0
5.9722e+24,1.48207e+11,-2.80694e+10,0,6046.02,29138.4,0,-0.00576395,0.00129973,0
6.4171e+23,1.05413e+11,2.04204e+11,0,-21511.4,11171.9,0,-0.00120023,-0.00227861,0
1.8982e+27,-7.75232e+11,-1.8241e+10,0,327.629,-13052.7,0,0.000219766,5.51561e-06,0
