m,x,y,z,vx,vy,vz,ax,ay,az
1.98847e+30,3.20892e+08,4.57953e+09,0,-10.2386,5.40612,0,1.35774e-07,-1.69678e-07,0
5.9722e+24,1.48738e+11,2.20544e+10,0,-3494.2,29616.9,0,-0.00591111,-0.000593118,0
6.4171e+23,-1.09214e+11,2.03396e+11,0,-21310.9,-11544.1,0,0.00122217,-0.00226757,0
1.8982e+27,4.42443e+11,-6.36337e+11,0,10743.7,7406.27,0,-0.000124046,0.00018038,0
