m,x,y,z,vx,vy,vz,ax,ay,az
1.98847e+30,3.52592e+07,5.3888e+06,0,3.70176,0.749001,0,1.83725e-07,5.49365e-08,0
5.9722e+24,-1.31627e+11,-7.23491e+10,0,13869.1,-26222,0,0.00520233,0.0027444,0
6.4171e+23,-8.03833e+10,2.12244e+11,0,-22708.8,-8446.82,0,0.000890831,-0.00241764,0
1.8982e+27,7.42532e+11,2.33264e+11,0,-3913.76,12459.5,0,-0.000209131,-6.53663e-05,0
