m,x,y,z,vx,vy,vz,ax,ay,az
1.98847e+30,4.73359e+08,4.48679e+09,0,-11.6457,8.10933,0,6.10914e-08,-2.03172e-07,0
5.9722e+24,-1.28524e+11,-7.26188e+10,0,14794.2,-25683.2,0,0.00509585,0.00292895,0
6.4171e+23,1.88266e+11,1.32655e+11,0,-13633.8,19997.5,0,-0.00213362,-0.00142781,0
1.8982e+27,2.83498e+11,-7.20771e+11,0,12157.6,4737.84,0,-7.93082e-05,0.000204102,0
