m,x,y,z,vx,vy,vz,ax,ay,az
1.98847e+30,1.18792e+09,3.62984e+09,0,-10.0329,20.0811,0,-1.33965e-07,-1.82204e-07,0
5.9722e+24,-7.26064e+10,-1.27818e+11,0,25580.8,-14776.7,0,0.00294509,0.00504397,0
6.4171e+23,2.03048e+11,1.08431e+11,0,-11143.1,21486.2,0,-0.00228761,-0.00116118,0
1.8982e+27,-4.65223e+11,-6.1872e+11,0,10433.3,-7838.07,0,0.000131843,0.000175392,0
