m,x,y,z,vx,vy,vz,ax,ay,az
1.98847e+30,1.36305e+09,3.18149e+09,0,-6.80757,22.9104,0,-1.57928e-07,-1.14728e-07,0
5.9722e+24,1.50722e+11,1.02906e+10,0,-1423.49,29788.2,0,-0.00593148,-0.000180113,0
6.4171e+23,-2.96608e+10,-2.23682e+11,0,23774,-3357.31,0,0.000365409,0.00250472,0
1.8982e+27,-6.49312e+11,-4.22236e+11,0,7127.74,-10933.7,0,0.000183976,0.000119904,0
