m,x,y,z,vx,vy,vz,ax,ay,az
1.98847e+30,4.93566e+08,4.47249e+09,0,-11.7446,8.45778,0,5.33287e-08,-1.99802e-07,0
5.9722e+24,-1.46485e+11,-2.48501e+10,0,5307.9,-29245.7,0,0.0058149,0.0010566,0
6.4171e+23,2.08696e+11,9.6247e+10,0,-9754.15,22129.5,0,-0.00235496,-0.00101253,0
1.8982e+27,2.6238e+11,-7.28667e+11,0,12289.8,4383.31,0,-7.33637e-05,0.000206322,0
