m,x,y,z,vx,vy,vz,ax,ay,az
1.98847e+30,6.4405e+08,3.39218e+08,0,12.2768,10.9151,0,2.32647e-08,1.91093e-07,0
5.9722e+24,-3.38376e+10,-1.46536e+11,0,28694.3,-7039.18,0,0.0014286,0.00565363,0
6.4171e+23,-2.1298e+11,7.87828e+10,0,-8518.86,-22601.6,0,0.00239768,-0.00090526,0
1.8982e+27,1.04527e+11,7.70634e+11,0,-12948,1754.41,0,-2.96764e-05,-0.000217663,0
