m,x,y,z,vx,vy,vz,ax,ay,az
1.98847e+30,7.03005e+08,4.29776e+09,0,-12.4577,11.8176,0,2.85079e-08,-2.12359e-07,0
5.9722e+24,1.491e+11,-1.59111e+10,0,4002.92,29490.8,0,-0.00584654,0.000898415,0
6.4171e+23,3.80407e+10,-2.21601e+11,0,23702.9,3837.15,0,-0.000390162,0.00250089,0
1.8982e+27,4.21076e+10,-7.72929e+11,0,13029.5,685.056,0,-1.1337e-05,0.000218786,0
