m,x,y,z,vx,vy,vz,ax,ay,az
1.98847e+30,6.28309e+08,4.36544e+09,0,-12.2339,10.6014,0,4.13322e-08,-1.91447e-07,0
5.9722e+24,7.08987e+10,1.35154e+11,0,-26382.4,14338.6,0,-0.00294127,-0.00525243,0
6.4171e+23,1.64504e+11,-1.55124e+11,0,16786.1,17223.5,0,-0.00180256,0.00178613,0
1.8982e+27,1.20559e+11,-7.64739e+11,0,12893.1,2002.31,0,-3.34344e-05,0.000216473,0
