m,x,y,z,vx,vy,vz,ax,ay,az
1.98847e+30,1.6009e+08,3.93963e+07,0,7.79587,2.77269,0,1.63195e-07,1.46623e-07,0
5.9722e+24,-1.11404e+10,1.47946e+11,0,-29964.3,-2004.12,0,0.000354427,-0.00602107,0
6.4171e+23,-1.07792e+11,-2.01728e+11,0,21122.8,-11480.4,0,0.00121605,0.00222399,0
1.8982e+27,6.11395e+11,4.81315e+11,0,-8079.47,10264.4,0,-0.000172482,-0.000135404,0
