m,x,y,z,vx,vy,vz,ax,ay,az
1.98847e+30,1.46119e+09,1.97438e+09,0,3.12326,24.7153,0,-2.19699e-07,5.72536e-08,0
5.9722e+24,-1.41226e+11,4.5727e+10,0,-9230.28,-28371.8,0,0.00566685,-0.00184543,0
6.4171e+23,1.83981e+11,-1.35585e+11,0,14503.3,19229.8,0,-0.00201498,0.00154752,0
1.8982e+27,-7.51268e+11,1.94091e+11,0,-3247.65,-12649.1,0,0.000212999,-5.46933e-05,0
