m,x,y,z,vx,vy,vz,ax,ay,az
1.98847e+30,1.64689e+08,4.65086e+09,0,-7.85116,2.94021,0,1.4599e-07,-1.39119e-07,0
5.9722e+24,-1.35194e+11,-6.04045e+10,0,12407.5,-26948.1,0,0.00534791,0.00245863,0
6.4171e+23,-1.6483e+11,-1.53645e+11,0,16505.9,-17487.1,0,0.00184801,0.00174079,0
1.8982e+27,6.06986e+11,-4.83292e+11,0,8179.91,10169.4,0,-0.000170383,0.000137411,0
