m,x,y,z,vx,vy,vz,ax,ay,az
1.98847e+30,1.27331e+09,1.24947e+09,0,8.75178,21.5629,0,-1.67972e-07,1.51496e-07,0
5.9722e+24,-1.44937e+11,3.17512e+10,0,-6581.45,-29078.7,0,0.0058036,-0.00131545,0
6.4171e+23,-1.59707e+11,1.61556e+11,0,-17207.7,-17000.4,0,0.00180507,-0.00183096,0
1.8982e+27,-5.54325e+11,5.44133e+11,0,-9141.45,-9332.35,0,0.00015709,-0.000153943,0
