m,x,y,z,vx,vy,vz,ax,ay,az
1.98847e+30,1.38313e+09,1.57972e+09,0,6.23453,23.2593,0,-1.6624e-07,9.71382e-08,0
5.9722e+24,1.36213e+11,-6.45162e+10,0,13088.7,26657.4,0,-0.00523886,0.00268007,0
6.4171e+23,-1.62485e+11,-1.579e+11,0,16645.2,-17345.6,0,0.00183498,0.00175396,0
1.8982e+27,-6.70248e+11,3.9186e+11,0,-6577.83,-11284.6,0,0.000190008,-0.000110783,0
