m,x,y,z,vx,vy,vz,ax,ay,az
1.98847e+30,1.33857e+09,3.25997e+09,0,-7.34596,22.517,0,-1.54969e-07,-1.13333e-07,0
5.9722e+24,1.11148e+11,1.0357e+11,0,-20159.9,22190.6,0,-0.00449862,-0.00396804,0
6.4171e+23,5.27807e+10,-2.19852e+11,0,23418.1,5335.09,0,-0.000546606,0.00247175,0
1.8982e+27,-6.23567e+11,-4.59267e+11,0,7750.81,-10500.7,0,0.000176677,0.000130371,0
