m,x,y,z,vx,vy,vz,ax,ay,az
1.98847e+30,1.12499e+09,3.7478e+09,0,-10.7298,18.9351,0,-9.7111e-08,-1.92463e-07,0
5.9722e+24,9.50227e+10,-1.14011e+11,0,23176.7,18392.3,0,-0.00356892,0.00463469,0
6.4171e+23,9.93257e+10,2.08382e+11,0,-21829.9,10558.9,0,-0.00113594,-0.00231216,0
1.8982e+27,-3.99793e+11,-6.62789e+11,0,11174.5,-6738.24,0,0.000113342,0.000187816,0
