m,x,y,z,vx,vy,vz,ax,ay,az
1.98847e+30,1.30948e+09,1.34398e+09,0,8.00536,22.1592,0,-1.7523e-07,1.25493e-07,0
5.9722e+24,-1.18327e+11,-8.98033e+10,0,17599.5,-23819.3,0,0.0047277,0.00347658,0
6.4171e+23,-2.14457e+11,7.37363e+10,0,-7884.12,-22820.7,0,0.00242158,-0.000837072,0
1.8982e+27,-5.92285e+11,5.0239e+11,0,-8438.76,-9971.61,0,0.00016787,-0.000142116,0
