m,x,y,z,vx,vy,vz,ax,ay,az
8e+36,1.74431e+06,1.93637e+06,0,0.287131,0.339164,0,2.86157e-08,4.00847e-08,0
2e+30,3.00628e+13,4.22545e+13,0,-2.14852e+06,-1.35666e+06,0,-0.114463,-0.160339,0
