m,x,y,z,vx,vy,vz,ax,ay,az
1.98847e+30,1.13422e+09,3.73138e+09,0,-10.644,19.1014,0,-1.02155e-07,-1.92501e-07,0
5.9722e+24,7.38721e+10,-1.28294e+11,0,25940.7,14172.7,0,-0.00273127,0.00516205,0
6.4171e+23,1.17786e+11,1.98492e+11,0,-20767,12513.2,0,-0.00134347,-0.00219683,0
1.8982e+27,-4.09409e+11,-6.56904e+11,0,11075.5,-6899.87,0,0.00011606,0.000186157,0
