m,x,y,z,vx,vy,vz,ax,ay,az
1.98847e+30,5.34444e+08,4.44212e+09,0,-11.9103,9.13488,0,4.36636e-08,-1.91899e-07,0
5.9722e+24,-1.30754e+11,7.49248e+10,0,-14584,-26106.3,0,0.00521772,-0.00291892,0
6.4171e+23,2.2817e+11,1.55186e+10,0,-1184.93,24112.4,0,-0.00255295,-0.000101044,0
1.8982e+27,2.19501e+11,-7.42607e+11,0,12523,3663.45,0,-6.12932e-05,0.000210242,0
