m,x,y,z,vx,vy,vz,ax,ay,az
1.98847e+30,6.60152e+08,4.33733e+09,0,-12.3386,11.1069,0,3.87421e-08,-1.99357e-07,0
5.9722e+24,1.27206e+11,8.28384e+10,0,-15749.7,25459,0,-0.00513825,-0.0030654,0
6.4171e+23,1.15666e+11,-1.93508e+11,0,20794.6,12040.5,0,-0.00125363,0.00220197,0
1.8982e+27,8.70411e+10,-7.69224e+11,0,12967.9,1439.53,0,-2.39944e-05,0.000217738,0
