m,x,y,z,vx,vy,vz,ax,ay,az
1.98847e+30,4.73237e+07,4.68404e+09,0,-4.29773,0.842021,0,2.05342e-07,-5.82573e-08,0
5.9722e+24,7.17758e+10,1.34691e+11,0,-26212.1,14618.8,0,-0.00299899,-0.00521854,0
6.4171e+23,2.12094e+11,-7.99869e+10,0,8936.17,22369.1,0,-0.00235495,0.00096534,0
1.8982e+27,7.29155e+11,-2.68565e+11,0,4581.56,12223.1,0,-0.000204875,7.71202e-05,0
