m,x,y,z,vx,vy,vz,ax,ay,az
1.98847e+30,2.37666e+08,4.6204e+09,0,-9.03993,4.11604,0,1.36356e-07,-1.35708e-07,0
5.9722e+24,-4.19712e+10,1.46874e+11,0,-28892.7,-8215.78,0,0.00161354,-0.00580839,0
6.4171e+23,-2.25033e+11,3.81324e+10,0,-3781.64,-23849.5,0,0.00252757,-0.000399774,0
1.8982e+27,5.30267e+11,-5.65789e+11,0,9562.01,8880.9,0,-0.000148771,0.000160571,0
