m,x,y,z,vx,vy,vz,ax,ay,az
1.98847e+30,3.068e+07,4.68719e+09,0,-3.43264,0.630448,0,1.9497e-07,-4.22382e-08,0
5.9722e+24,-5.36753e+10,1.4305e+11,0,-28118.7,-10531.3,0,0.00208192,-0.00565438,0
6.4171e+23,2.27223e+11,2.21654e+10,0,-1853.07,24067,0,-0.00254967,-0.000172875,0
1.8982e+27,7.4698e+11,-2.15076e+11,0,3684.97,12523.3,0,-0.000209931,6.20953e-05,0
