m,x,y,z,vx,vy,vz,ax,ay,az
1.98847e+30,1.38018e+09,3.12173e+09,0,-6.39005,23.2093,0,-1.65152e-07,-1.15676e-07,0
5.9722e+24,1.3549e+11,-6.4455e+10,0,13366,26509.6,0,-0.00520822,0.00273668,0
6.4171e+23,-8.94169e+10,-2.0699e+11,0,21989,-9651.78,0,0.00102563,0.00231612,0
1.8982e+27,-6.67184e+11,-3.93515e+11,0,6644.45,-11234.4,0,0.000189046,0.000111783,0
