m,x,y,z,vx,vy,vz,ax,ay,az
1.98847e+30,8.00326e+08,4.1993e+09,0,-12.5116,13.5464,0,-1.88884e-08,-2.26582e-07,0
5.9722e+24,-1.33539e+10,-1.46037e+11,0,29359.5,-3027.61,0,0.000644689,0.00579229,0
6.4171e+23,-1.38072e+11,-1.77582e+11,0,18986.2,-14722.1,0,0.00155801,0.00200103,0
1.8982e+27,-5.92705e+10,-7.71709e+11,0,13007.8,-1017.37,0,1.72316e-05,0.000218457,0
