m,x,y,z,vx,vy,vz,ax,ay,az
1.98847e+30,1.39364e+09,1.62007e+09,0,5.94662,23.4273,0,-1.67239e-07,9.74527e-08,0
5.9722e+24,1.50169e+11,-1.53156e+10,0,3373.07,29589.8,0,-0.0058674,0.000770206,0
6.4171e+23,-1.31039e+11,-1.84942e+11,0,19507.4,-14033.1,0,0.00148629,0.00205437,0
1.8982e+27,-6.81315e+11,3.7219e+11,0,-6246.62,-11471,0,0.00019315,-0.000105205,0
