m,x,y,z,vx,vy,vz,ax,ay,az
1.98847e+30,6.97676e+07,1.29857e+07,0,5.17532,1.22212,0,1.96571e-07,7.2321e-08,0
5.9722e+24,6.65753e+10,-1.35293e+11,0,26589.1,12914.1,0,-0.00248592,0.00528221,0
6.4171e+23,-2.11216e+11,8.44329e+10,0,-9159.24,-22367.7,0,0.00237216,-0.000973061,0
1.8982e+27,7.05803e+11,3.27869e+11,0,-5502,11845.5,0,-0.000198899,-9.20504e-05,0
