m,x,y,z,vx,vy,vz,ax,ay,az
1.98847e+30,1.48343e+09,2.31875e+09,0,0.178278,24.9514,0,-1.96185e-07,-7.2994e-09,0
5.9722e+24,1.14896e+11,-9.65289e+10,0,19503.6,22314.3,0,-0.00435346,0.00392652,0
6.4171e+23,1.56663e+11,1.68227e+11,0,-17656.2,16590.2,0,-0.001774,-0.00186186,0
1.8982e+27,-7.75368e+11,1.55998e+10,0,-242.151,-13055,0,0.000219811,-4.07782e-06,0
