m,x,y,z,vx,vy,vz,ax,ay,az
1.98847e+30,1.73811e+08,4.44195e+07,0,8.06892,3.02927,0,1.534e-07,1.49814e-07,0
5.9722e+24,-6.11678e+10,1.35228e+11,0,-27476.6,-12064.7,0,0.0023928,-0.00552732,0
6.4171e+23,-6.96241e+10,-2.17965e+11,0,22846,-7461.99,0,0.000794233,0.00240522,0
1.8982e+27,5.97166e+11,4.98837e+11,0,-8373.92,10025.9,0,-0.000168492,-0.000140361,0
