m,x,y,z,vx,vy,vz,ax,ay,az
1.98847e+30,8.64788e+08,4.12611e+09,0,-12.3268,14.6965,0,-5.12609e-08,-2.14207e-07,0
5.9722e+24,-1.33792e+11,-6.24036e+10,0,12696.1,-26796.2,0,0.00531966,0.002516,0
6.4171e+23,-2.1178e+11,-7.8983e+10,0,8558.72,-22499.4,0,0.00238006,0.000905004,0
1.8982e+27,-1.26395e+11,-7.63557e+11,0,12870.2,-2144.73,0,3.61571e-05,0.000216172,0
