m,x,y,z,vx,vy,vz,ax,ay,az
1.98847e+30,9.69025e+08,3.99165e+09,0,-11.7703,16.3967,0,-6.97484e-08,-1.81443e-07,0
5.9722e+24,-4.28341e+10,1.45768e+11,0,-28801.5,-8522.97,0,0.00167836,-0.0057896,0
6.4171e+23,-1.93733e+11,1.21444e+11,0,-12682.5,-20587.6,0,0.0021858,-0.00134628,0
1.8982e+27,-2.35881e+11,-7.37114e+11,0,12424.9,-3983.91,0,6.70459e-05,0.000208743,0
