m,x,y,z,vx,vy,vz,ax,ay,az
1.98847e+30,1.19197e+09,1.06931e+09,0,10.0176,20.0768,0,-1.19966e-07,1.84657e-07,0
5.9722e+24,5.5934e+10,1.39023e+11,0,-27832.9,11249.3,0,-0.00231967,-0.00555965,0
6.4171e+23,3.17098e+10,2.25917e+11,0,-23995.5,3373.18,0,-0.00037046,-0.00255073,0
1.8982e+27,-4.69818e+11,6.1881e+11,0,-10398.3,-7909.35,0,0.000133095,-0.000175084,0
