m,x,y,z,vx,vy,vz,ax,ay,az
1.98847e+30,2.2527e+08,6.55309e+07,0,8.91121,3.93658,0,1.28946e-07,1.47947e-07,0
5.9722e+24,-1.49122e+11,-1.02677e+10,0,1554.08,-29724.1,0,0.00591575,0.000307386,0
6.4171e+23,7.32636e+10,-2.16895e+11,0,22802.8,7595.65,0,-0.000786085,0.0024074,0
1.8982e+27,5.43488e+11,5.56763e+11,0,-9347.59,9125.94,0,-0.000153425,-0.000156763,0
