m,x,y,z,vx,vy,vz,ax,ay,az
1.98847e+30,8.90693e+08,5.96296e+08,0,12.2935,15.0814,0,-5.11171e-08,2.20079e-07,0
5.9722e+24,-8.16913e+10,1.24079e+11,0,-25145.3,-16323.1,0,0.00325604,-0.00505721,0
6.4171e+23,3.9862e+10,-2.25007e+11,0,23700.4,4014.14,0,-0.000408383,0.00249895,0
1.8982e+27,-1.5378e+11,7.62072e+11,0,-12807,-2589.83,0,4.34417e-05,-0.000215479,0
