m,x,y,z,vx,vy,vz,ax,ay,az
1.98847e+30,1.05379e+09,8.24237e+08,0,11.239,17.7613,0,-8.40449e-08,1.73426e-07,0
5.9722e+24,2.90608e+10,-1.47429e+11,0,29068.2,5301.77,0,-0.000985231,0.00574623,0
6.4171e+23,2.28577e+11,1.36239e+10,0,-1342.2,24114.3,0,-0.00255271,-0.000120059,0
1.8982e+27,-3.25043e+11,7.05972e+11,0,-11864.5,-5472.01,0,9.20045e-05,-0.000199711,0
