m,x,y,z,vx,vy,vz,ax,ay,az
1.98847e+30,3.57048e+08,4.55983e+09,0,-10.6884,6.0237,0,1.2285e-07,-1.87691e-07,0
5.9722e+24,1.27019e+11,-7.63347e+10,0,15978,24973.1,0,-0.004896,0.00324549,0
6.4171e+23,-3.00527e+10,2.29395e+11,0,-24049.8,-3121.2,0,0.000322028,-0.0025582,0
1.8982e+27,4.0461e+11,-6.60869e+11,0,11154.6,6771.09,0,-0.000113397,0.00018727,0
