m,x,y,z,vx,vy,vz,ax,ay,az
1.98847e+30,2.02598e+08,5.58104e+07,0,8.56807,3.54987,0,1.36822e-07,1.50359e-07,0
5.9722e+24,-1.34113e+11,6.46961e+10,0,-13394.9,-26719.7,0,0.00533814,-0.00268375,0
6.4171e+23,1.22798e+10,-2.28595e+11,0,24000.9,1163.79,0,-0.000110523,0.00252915,0
1.8982e+27,5.67212e+11,5.32606e+11,0,-8941.5,9523.76,0,-0.000160087,-0.000149921,0
