m,x,y,z,vx,vy,vz,ax,ay,az
1.98847e+30,1.42883e+09,2.91705e+09,0,-4.7975,24.1506,0,-2.04901e-07,-9.40804e-08,0
5.9722e+24,-8.25208e+10,-1.22225e+11,0,24331.5,-16774.7,0,0.00333797,0.00479832,0
6.4171e+23,-2.19464e+11,-5.42781e+10,0,5827.44,-23365.1,0,0.00247324,0.000616258,0
1.8982e+27,-7.17422e+11,-2.92657e+11,0,4947.12,-12079.7,0,0.000203307,8.32494e-05,0
