m,x,y,z,vx,vy,vz,ax,ay,az
1.98847e+30,1.57967e+08,4.65334e+09,0,-7.72341,2.81986,0,1.4945e-07,-1.39394e-07,0
5.9722e+24,-1.22356e+11,-8.25331e+10,0,16797.3,-24407.1,0,0.00484075,0.00332198,0
6.4171e+23,-1.49837e+11,-1.68012e+11,0,18024.4,-15906.3,0,0.00168141,0.00190016,0
1.8982e+27,6.13984e+11,-4.74449e+11,0,8031.76,10287,0,-0.000172356,0.000134929,0
