m,x,y,z,vx,vy,vz,ax,ay,az
1.98847e+30,8.04876e+08,4.9732e+08,0,12.4854,13.5376,0,-4.49823e-09,2.20603e-07,0
5.9722e+24,1.08351e+11,1.03213e+11,0,-20626.6,21732.5,0,-0.00441009,-0.00406729,0
6.4171e+23,-1.19645e+11,-1.94035e+11,0,20362,-12782.4,0,0.00135416,0.00214344,0
1.8982e+27,-6.44265e+10,7.74857e+11,0,-13021.1,-1086.65,0,1.81296e-05,-0.000219021,0
