m,x,y,z,vx,vy,vz,ax,ay,az
1.98847e+30,1.24211e+09,1.17587e+09,0,9.30846,21.0059,0,-1.52458e-07,1.70518e-07,0
5.9722e+24,-9.1173e+10,1.17562e+11,0,-23732.6,-18293.7,0,0.00365451,-0.00477096,0
6.4171e+23,-9.10673e+10,2.08533e+11,0,-22190.7,-9693.39,0,0.00102567,-0.00236289,0
1.8982e+27,-5.21834e+11,5.75472e+11,0,-9668.96,-8785.22,0,0.000147864,-0.000162818,0
