m,x,y,z,vx,vy,vz,ax,ay,az
1.98847e+30,1.48e+09,2.49102e+09,0,-1.15459,24.8938,0,-1.94389e-07,-8.89377e-09,0
5.9722e+24,1.19146e+11,9.35902e+10,0,-18285.2,23737,0,-0.00480103,-0.00358523,0
6.4171e+23,4.69909e+09,2.29366e+11,0,-24236.4,479,0,-6.05249e-05,-0.00257726,0
1.8982e+27,-7.71728e+11,-7.45235e+10,0,1275.22,-12993.7,0,0.000218759,2.1468e-05,0
