m,x,y,z,vx,vy,vz,ax,ay,az
1.98847e+30,6.75952e+08,3.68173e+08,0,12.3366,11.4107,0,2.2923e-08,1.91981e-07,0
5.9722e+24,4.1889e+10,-1.44741e+11,0,28476,7908.14,0,-0.00149819,0.00563635,0
6.4171e+23,-2.26497e+11,1.78913e+10,0,-2062.81,-24038.3,0,0.00254725,-0.000219773,0
1.8982e+27,7.0874e+10,7.74424e+11,0,-13012.2,1188.65,0,-2.01606e-05,-0.000218769,0
