m,x,y,z,vx,vy,vz,ax,ay,az
1.98847e+30,3.98192e+08,1.56205e+08,0,11.078,6.67559,0,1.15261e-07,1.9147e-07,0
5.9722e+24,1.4133e+11,4.90665e+10,0,-9766.73,28229.8,0,-0.00566539,-0.00185678,0
6.4171e+23,1.90803e+11,1.24432e+11,0,-13196.3,20272.1,0,-0.00216232,-0.0013829,0
1.8982e+27,3.6139e+11,6.88858e+11,0,-11569.7,6070.05,0,-0.000102187,-0.000194266,0
