m,x,y,z,vx,vy,vz,ax,ay,az
1.98847e+30,1.3424e+09,1.44083e+09,0,7.2529,22.6551,0,-1.72066e-07,1.06116e-07,0
5.9722e+24,-9.56525e+09,-1.49065e+11,0,29438.4,-2377.94,0,0.000519401,0.00580535,0
6.4171e+23,-2.24675e+11,-2.90436e+10,0,3011.35,-23906.2,0,0.00253173,0.000318215,0
1.8982e+27,-6.27109e+11,4.58001e+11,0,-7691.45,-10558.1,0,0.000177759,-0.000129535,0
