m,x,y,z,vx,vy,vz,ax,ay,az
1.98847e+30,8.38687e+07,1.64202e+07,0,5.68928,1.42702,0,1.994e-07,8.58823e-08,0
5.9722e+24,1.23775e+11,-8.54292e+10,0,16885.8,24363.7,0,-0.00477265,0.00341874,0
6.4171e+23,-2.26457e+11,2.39059e+10,0,-2743.38,-23986.5,0,0.00254125,-0.000291478,0
1.8982e+27,6.90857e+11,3.58242e+11,0,-6012.04,11595.3,0,-0.000194725,-0.000100624,0
