m,x,y,z,vx,vy,vz,ax,ay,az
1.98847e+30,1.48233e+09,2.25406e+09,0,0.695042,24.9658,0,-2.03115e-07,-3.12057e-09,0
5.9722e+24,5.24952e+10,-1.39679e+11,0,27857.4,9864.89,0,-0.00188017,0.00552264,0
6.4171e+23,1.96186e+11,1.19709e+11,0,-12478.1,20744.8,0,-0.00220991,-0.00130552,0
1.8982e+27,-7.74027e+11,4.94154e+10,0,-811.522,-13032.4,0,0.000219437,-1.36652e-05,0
