m,x,y,z,vx,vy,vz,ax,ay,az
1.98847e+30,1.48093e+09,2.4695e+09,0,-0.98721,24.9013,0,-1.9299e-07,-8.53282e-09,0
5.9722e+24,1.3328e+11,7.19546e+10,0,-13918.2,26495,0,-0.0053348,-0.00269532,0
6.4171e+23,2.55977e+10,2.28087e+11,0,-24091.8,2700.84,0,-0.000297784,-0.00256058,0
1.8982e+27,-7.72756e+11,-6.329e+10,0,1086.09,-13011,0,0.000219053,1.82844e-05,0
