m,x,y,z,vx,vy,vz,ax,ay,az
1.98847e+30,1.08263e+09,8.70875e+08,0,11.0213,18.2097,0,-8.42616e-08,1.73213e-07,0
5.9722e+24,9.75062e+10,-1.148e+11,0,22794.7,18897.1,0,-0.00366986,0.00455758,0
6.4171e+23,2.16332e+11,7.4851e+10,0,-7835.93,22872.2,0,-0.00243021,-0.000810239,0
1.8982e+27,-3.55466e+11,6.911e+11,0,-11614.5,-5984.12,0,0.000100637,-0.000195516,0
