m,x,y,z,vx,vy,vz,ax,ay,az
1.98847e+30,1.33608e+09,1.42129e+09,0,7.402,22.5622,0,-1.7317e-07,1.09151e-07,0
5.9722e+24,-3.4738e+10,-1.45071e+11,0,28610.5,-7340.11,0,0.00148973,0.00563775,0
6.4171e+23,-2.26424e+11,-8.30249e+09,0,814.41,-24091,0,0.00255233,8.58534e-05,0
1.8982e+27,-6.20404e+11,4.67079e+11,0,-7844.3,-10445.2,0,0.000175855,-0.000132108,0
