m,x,y,z,vx,vy,vz,ax,ay,az
1.98847e+30,7.46195e+08,4.25566e+09,0,-12.5276,12.5709,0,1.03311e-08,-2.22988e-07,0
5.9722e+24,1.03651e+11,-1.05625e+11,0,21642.7,20189.1,0,-0.003929,0.00434053,0
6.4171e+23,-4.44636e+10,-2.20189e+11,0,23511.3,-4860.23,0,0.000522472,0.00247698,0
1.8982e+27,-2.96504e+09,-7.74022e+11,0,13047.3,-71.8064,0,1.36257e-06,0.000219099,0
