m,x,y,z,vx,vy,vz,ax,ay,az
1.98847e+30,2.15681e+06,94621.3,0,0.974246,0.0637552,0,2.21217e-07,2.87319e-08,0
5.9722e+24,9.62777e+10,1.13232e+11,0,-22776.8,19492,0,-0.00396978,-0.00450771,0
6.4171e+23,2.04012e+11,1.00635e+11,0,-10684,21689.1,0,-0.00230989,-0.00111337,0
1.8982e+27,7.76395e+11,5.63565e+10,0,-945.303,13023.3,0,-0.000218466,-1.55395e-05,0
