m,x,y,z,vx,vy,vz,ax,ay,az
1.98847e+30,1.21955e+08,2.68832e+07,0,6.87829,2.06272,0,1.89537e-07,1.23904e-07,0
5.9722e+24,1.23028e+11,8.4041e+10,0,-16843,24737.8,0,-0.00499976,-0.00329173,0
6.4171e+23,-1.96491e+11,-1.1627e+11,0,12088,-20825.5,0,0.00220104,0.00127501,0
1.8982e+27,6.50952e+11,4.2638e+11,0,-7156.49,10927.2,0,-0.000183564,-0.000119871,0
