m,x,y,z,vx,vy,vz,ax,ay,az
1.98847e+30,1.99902e+08,4.6369e+09,0,-8.45553,3.53383,0,1.35637e-07,-1.35384e-07,0
5.9722e+24,-1.36451e+11,6.42909e+10,0,-12417.5,-27186.3,0,0.0054304,-0.00248348,0
6.4171e+23,-2.17193e+11,-6.48605e+10,0,7121.72,-23016.4,0,0.00243417,0.000753659,0
1.8982e+27,5.70121e+11,-5.25931e+11,0,8894.29,9550.2,0,-0.000159996,0.000149382,0
