m,x,y,z,vx,vy,vz,ax,ay,az
1.98847e+30,1.4157e+09,2.9793e+09,0,-5.31289,23.8903,0,-1.92871e-07,-1.05671e-07,0
5.9722e+24,-1.1117e+10,-1.47402e+11,0,29397.4,-2697.64,0,0.000581929,0.00579906,0
6.4171e+23,-1.96048e+11,-1.11887e+11,0,11922.6,-20891.4,0,0.00220961,0.00125861,0
1.8982e+27,-7.03898e+11,-3.23668e+11,0,5469.03,-11852.1,0,0.000199466,9.20252e-05,0
