m,x,y,z,vx,vy,vz,ax,ay,az
1.98847e+30,1.44859e+08,4.658e+09,0,-7.4581,2.57923,0,1.57432e-07,-1.38878e-07,0
5.9722e+24,-8.64824e+10,-1.18629e+11,0,23959.4,-17323.8,0,0.00344208,0.00472592,0
6.4171e+23,-1.16263e+11,-1.92355e+11,0,20599.2,-12368,0,0.0013093,0.00217033,0
1.8982e+27,6.2759e+11,-4.56465e+11,0,7730.43,10515.6,0,-0.000176191,0.00012988,0
