m,x,y,z,vx,vy,vz,ax,ay,az
1.98847e+30,3.15709e+08,1.09626e+08,0,10.1102,5.33915,0,1.27649e-07,1.54428e-07,0
5.9722e+24,5.43976e+10,-1.40672e+11,0,27647.1,10451.8,0,-0.00199972,0.00548125,0
6.4171e+23,2.21648e+11,-5.54722e+10,0,5883.11,23379.2,0,-0.00246568,0.0006434,0
1.8982e+27,4.48057e+11,6.35988e+11,0,-10679.9,7524.93,0,-0.000126594,-0.000179234,0
