m,x,y,z,vx,vy,vz,ax,ay,az
1.98847e+30,9.43231e+08,6.63495e+08,0,12.0191,15.9991,0,-7.35336e-08,2.03828e-07,0
5.9722e+24,-1.47562e+11,1.76588e+10,0,-3885.29,-29542,0,0.00589076,-0.000776989,0
6.4171e+23,1.34729e+11,-1.84907e+11,0,19541.4,14037.5,0,-0.00146426,0.00207046,0
1.8982e+27,-2.08642e+11,7.48844e+11,0,-12585,-3512.94,0,5.89917e-05,-0.000211776,0
