m,x,y,z,vx,vy,vz,ax,ay,az
1.98847e+30,3.03415e+08,4.58862e+09,0,-10.0007,5.12148,0,1.3902e-07,-1.60304e-07,0
5.9722e+24,1.33637e+11,7.11426e+10,0,-13336.8,26770.9,0,-0.00539106,-0.00257546,0
6.4171e+23,-1.4389e+11,1.80035e+11,0,-18834.8,-15233.1,0,0.00161572,-0.00200326,0
1.8982e+27,4.60811e+11,-6.23258e+11,0,10524.7,7714.66,0,-0.000129216,0.000176707,0
