m,x,y,z,vx,vy,vz,ax,ay,az
1.98847e+30,6.11021e+07,1.09733e+07,0,4.83816,1.10313,0,1.93404e-07,6.53567e-08,0
5.9722e+24,1.78906e+10,-1.49826e+11,0,29352.9,3271.47,0,-0.000590595,0.00579871,0
6.4171e+23,-1.92106e+11,1.21522e+11,0,-13093.4,-20336.8,0,0.00215756,-0.00139207,0
1.8982e+27,7.15027e+11,3.07272e+11,0,-5156.17,11999.8,0,-0.000201473,-8.62383e-05,0
