m,x,y,z,vx,vy,vz,ax,ay,az
1.98847e+30,9.74119e+08,7.05658e+08,0,11.8176,16.512,0,-8.08537e-08,1.92385e-07,0
5.9722e+24,-1.37255e+11,-5.78563e+10,0,11140.1,-27503.4,0,0.00546227,0.00220506,0
6.4171e+23,1.79635e+11,-1.4187e+11,0,15040.6,18807.4,0,-0.00197087,0.00160244,0
1.8982e+27,-2.41046e+11,7.39007e+11,0,-12419.8,-4058.26,0,6.81794e-05,-0.000209014,0
