m,x,y,z,vx,vy,vz,ax,ay,az
1.98847e+30,7.18725e+08,4.08795e+08,0,12.4128,12.0849,0,2.05063e-08,1.98979e-07,0
5.9722e+24,1.23481e+11,-8.63804e+10,0,17157.3,24187,0,-0.00473497,0.00347007,0
6.4171e+23,-2.18066e+11,-6.45334e+10,0,6664.42,-23151.4,0,0.00244952,0.000702986,0
1.8982e+27,2.58076e+10,7.77191e+11,0,-13059.3,430.909,0,-7.41223e-06,-0.000219597,0
