m,x,y,z,vx,vy,vz,ax,ay,az
1.98847e+30,8.26438e+08,5.21061e+08,0,12.468,13.9219,0,-1.53827e-08,2.23802e-07,0
5.9722e+24,6.66767e+10,1.33577e+11,0,-26821.2,13459.6,0,-0.0027645,-0.00534837,0
6.4171e+23,-8.25667e+10,-2.12633e+11,0,22335.5,-8879.68,0,0.000944371,0.00235089,0
1.8982e+27,-8.6895e+10,7.72636e+11,0,-12984,-1464.59,0,2.44927e-05,-0.000218413,0
