m,x,y,z,vx,vy,vz,ax,ay,az
1.98847e+30,1.32304e+09,1.38246e+09,0,7.70272,22.3678,0,-1.74815e-07,1.16548e-07,0
5.9722e+24,-8.12715e+10,-1.24666e+11,0,24524.7,-16509.1,0,0.00328576,0.00483397,0
6.4171e+23,-2.24211e+11,3.32497e+10,0,-3589.6,-23855.9,0,0.00252953,-0.000380842,0
1.8982e+27,-6.06601e+11,4.84939e+11,0,-8144.98,-10212.7,0,0.000171935,-0.00013717,0
