m,x,y,z,vx,vy,vz,ax,ay,az
1.98847e+30,2.09486e+07,2.65513e+06,0,2.90536,0.511569,0,1.87011e-07,5.51389e-08,0
5.9722e+24,-1.39769e+11,5.20518e+10,0,-10886.7,-27819.6,0,0.00555462,-0.00217828,0
6.4171e+23,2.25003e+10,2.25795e+11,0,-24106,2500.57,0,-0.00027879,-0.00256249,0
1.8982e+27,7.57514e+11,1.78885e+11,0,-3001.12,12709.6,0,-0.000213286,-5.00414e-05,0
