m,x,y,z,vx,vy,vz,ax,ay,az
1.98847e+30,9.48577e+08,4.0197e+09,0,-11.8908,16.0792,0,-6.96209e-08,-1.86154e-07,0
5.9722e+24,-8.88511e+10,1.22412e+11,0,-24155.2,-17772,0,0.00354882,-0.00485245,0
6.4171e+23,-2.12093e+11,8.39965e+10,0,-8707.76,-22535.2,0,0.00239128,-0.000922989,0
1.8982e+27,-2.14309e+11,-7.4367e+11,0,12535.3,-3621.51,0,6.09579e-05,0.000210586,0
