m,x,y,z,vx,vy,vz,ax,ay,az
1.98847e+30,3.85137e+08,4.54359e+09,0,-10.9896,6.52401,0,1.08543e-07,-1.98078e-07,0
5.9722e+24,7.16945e+10,-1.28266e+11,0,26092.1,13876.5,0,-0.00267478,0.00519076,0
6.4171e+23,3.2611e+10,2.29136e+11,0,-23992.3,3540.44,0,-0.000389644,-0.00254847,0
1.8982e+27,3.75337e+11,-6.77807e+11,0,11438.2,6279.65,0,-0.000105158,0.000192028,0
