m,x,y,z,vx,vy,vz,ax,ay,az
1.98847e+30,1.39098e+09,3.08146e+09,0,-6.09923,23.4088,0,-1.72018e-07,-1.15012e-07,0
5.9722e+24,1.05472e+11,-1.0567e+11,0,21428.9,20436.8,0,-0.0039765,0.00429856,0
6.4171e+23,-1.25784e+11,-1.87113e+11,0,19880.8,-13482.7,0,0.00142803,0.00209467,0
1.8982e+27,-6.78396e+11,-3.73946e+11,0,6315.15,-11423,0,0.000192227,0.000106249,0
