m,x,y,z,vx,vy,vz,ax,ay,az
1.98847e+30,1.25795e+09,1.21243e+09,0,9.03681,21.2927,0,-1.61219e-07,1.61628e-07,0
5.9722e+24,-1.25582e+11,7.92946e+10,0,-16080.4,-25203.3,0,0.00504019,-0.00322455,0
6.4171e+23,-1.27561e+11,1.882e+11,0,-20035.8,-13578.9,0,0.00144049,-0.00213298,0
1.8982e+27,-5.38308e+11,5.60039e+11,0,-9409.19,-9062.62,0,0.000152542,-0.000158448,0
